{
"type": "FeatureCollection",
"name": "pred_захламление_hn_tile002",
"crs": { "type": "name", "properties": { "name": "urn:ogc:def:crs:EPSG::3857" } },
"features": [
{ "type": "Feature", "properties": { "class": 1 }, "geometry": { "type": "Polygon", "coordinates": [ [ [ 4262783.13624610286206, 7510196.102436601184309 ], [ 4262783.13624610286206, 7510193.554372407495975 ], [ 4262775.492053520865738, 7510193.554372407495975 ], [ 4262775.492053520865738, 7510191.00630821287632 ], [ 4262772.943989326246083, 7510191.00630821287632 ], [ 4262772.943989326246083, 7510178.26598724257201 ], [ 4262770.39592513255775, 7510178.26598724257201 ], [ 4262770.39592513255775, 7510170.621794659644365 ], [ 4262772.943989326246083, 7510170.621794659644365 ], [ 4262772.943989326246083, 7510160.429537883028388 ], [ 4262770.39592513255775, 7510160.429537883028388 ], [ 4262770.39592513255775, 7510157.881473689340055 ], [ 4262767.847860937938094, 7510157.881473689340055 ], [ 4262767.847860937938094, 7510155.333409494720399 ], [ 4262765.299796744249761, 7510155.333409494720399 ], [ 4262765.299796744249761, 7510152.785345301032066 ], [ 4262767.847860937938094, 7510152.785345301032066 ], [ 4262767.847860937938094, 7510150.237281106412411 ], [ 4262775.492053520865738, 7510150.237281106412411 ], [ 4262775.492053520865738, 7510147.689216912724078 ], [ 4262778.040117714554071, 7510147.689216912724078 ], [ 4262778.040117714554071, 7510150.237281106412411 ], [ 4262790.780438685789704, 7510150.237281106412411 ], [ 4262790.780438685789704, 7510152.785345301032066 ], [ 4262793.328502879478037, 7510152.785345301032066 ], [ 4262793.328502879478037, 7510157.881473689340055 ], [ 4262798.424631267786026, 7510157.881473689340055 ], [ 4262798.424631267786026, 7510155.333409494720399 ], [ 4262800.972695462405682, 7510155.333409494720399 ], [ 4262800.972695462405682, 7510152.785345301032066 ], [ 4262806.06882385071367, 7510152.785345301032066 ], [ 4262806.06882385071367, 7510150.237281106412411 ], [ 4262813.713016432709992, 7510150.237281106412411 ], [ 4262813.713016432709992, 7510147.689216912724078 ], [ 4262816.261080627329648, 7510147.689216912724078 ], [ 4262816.261080627329648, 7510150.237281106412411 ], [ 4262818.809144821017981, 7510150.237281106412411 ], [ 4262818.809144821017981, 7510162.977602077648044 ], [ 4262816.261080627329648, 7510162.977602077648044 ], [ 4262816.261080627329648, 7510168.073730465956032 ], [ 4262813.713016432709992, 7510168.073730465956032 ], [ 4262813.713016432709992, 7510170.621794659644365 ], [ 4262811.164952239021659, 7510170.621794659644365 ], [ 4262811.164952239021659, 7510173.169858854264021 ], [ 4262808.616888044402003, 7510173.169858854264021 ], [ 4262808.616888044402003, 7510175.717923047952354 ], [ 4262806.06882385071367, 7510175.717923047952354 ], [ 4262806.06882385071367, 7510180.814051436260343 ], [ 4262803.520759656094015, 7510180.814051436260343 ], [ 4262803.520759656094015, 7510183.362115630879998 ], [ 4262800.972695462405682, 7510183.362115630879998 ], [ 4262800.972695462405682, 7510185.910179824568331 ], [ 4262798.424631267786026, 7510185.910179824568331 ], [ 4262798.424631267786026, 7510191.00630821287632 ], [ 4262793.328502879478037, 7510191.00630821287632 ], [ 4262793.328502879478037, 7510193.554372407495975 ], [ 4262788.232374491170049, 7510193.554372407495975 ], [ 4262788.232374491170049, 7510196.102436601184309 ], [ 4262783.13624610286206, 7510196.102436601184309 ] ] ] } },
{ "type": "Feature", "properties": { "class": 1 }, "geometry": { "type": "Polygon", "coordinates": [ [ [ 4262721.982705443166196, 7510132.400831747800112 ], [ 4262721.982705443166196, 7510129.852767553180456 ], [ 4262724.530769637785852, 7510129.852767553180456 ], [ 4262724.530769637785852, 7510132.400831747800112 ], [ 4262721.982705443166196, 7510132.400831747800112 ] ] ] } },
{ "type": "Feature", "properties": { "class": 1 }, "geometry": { "type": "Polygon", "coordinates": [ [ [ 4262846.837850956246257, 7510134.948895941488445 ], [ 4262846.837850956246257, 7510132.400831747800112 ], [ 4262841.741722567938268, 7510132.400831747800112 ], [ 4262841.741722567938268, 7510129.852767553180456 ], [ 4262839.193658374249935, 7510129.852767553180456 ], [ 4262839.193658374249935, 7510127.304703359492123 ], [ 4262834.097529985941947, 7510127.304703359492123 ], [ 4262834.097529985941947, 7510124.756639164872468 ], [ 4262829.001401597633958, 7510124.756639164872468 ], [ 4262829.001401597633958, 7510119.660510776564479 ], [ 4262831.549465791322291, 7510119.660510776564479 ], [ 4262831.549465791322291, 7510114.56438238825649 ], [ 4262834.097529985941947, 7510114.56438238825649 ], [ 4262834.097529985941947, 7510106.920189806260169 ], [ 4262836.64559417963028, 7510106.920189806260169 ], [ 4262836.64559417963028, 7510104.372125611640513 ], [ 4262841.741722567938268, 7510104.372125611640513 ], [ 4262841.741722567938268, 7510106.920189806260169 ], [ 4262849.385915150865912, 7510106.920189806260169 ], [ 4262849.385915150865912, 7510109.468254 ], [ 4262851.933979344554245, 7510109.468254 ], [ 4262851.933979344554245, 7510112.016318194568157 ], [ 4262854.482043539173901, 7510112.016318194568157 ], [ 4262854.482043539173901, 7510114.56438238825649 ], [ 4262857.030107732862234, 7510114.56438238825649 ], [ 4262857.030107732862234, 7510117.112446582876146 ], [ 4262862.126236121170223, 7510117.112446582876146 ], [ 4262862.126236121170223, 7510119.660510776564479 ], [ 4262867.222364509478211, 7510119.660510776564479 ], [ 4262867.222364509478211, 7510124.756639164872468 ], [ 4262864.674300315789878, 7510124.756639164872468 ], [ 4262864.674300315789878, 7510127.304703359492123 ], [ 4262862.126236121170223, 7510127.304703359492123 ], [ 4262862.126236121170223, 7510132.400831747800112 ], [ 4262857.030107732862234, 7510132.400831747800112 ], [ 4262857.030107732862234, 7510134.948895941488445 ], [ 4262846.837850956246257, 7510134.948895941488445 ] ] ] } },
{ "type": "Feature", "properties": { "class": 1 }, "geometry": { "type": "Polygon", "coordinates": [ [ [ 4262885.058813869021833, 7510152.785345301032066 ], [ 4262885.058813869021833, 7510150.237281106412411 ], [ 4262882.510749674402177, 7510150.237281106412411 ], [ 4262882.510749674402177, 7510147.689216912724078 ], [ 4262879.962685480713844, 7510147.689216912724078 ], [ 4262879.962685480713844, 7510145.141152718104422 ], [ 4262874.866557092405856, 7510145.141152718104422 ], [ 4262874.866557092405856, 7510140.045024329796433 ], [ 4262877.414621286094189, 7510140.045024329796433 ], [ 4262877.414621286094189, 7510137.4969601361081 ], [ 4262879.962685480713844, 7510137.4969601361081 ], [ 4262879.962685480713844, 7510134.948895941488445 ], [ 4262882.510749674402177, 7510134.948895941488445 ], [ 4262882.510749674402177, 7510129.852767553180456 ], [ 4262885.058813869021833, 7510129.852767553180456 ], [ 4262885.058813869021833, 7510127.304703359492123 ], [ 4262887.606878062710166, 7510127.304703359492123 ], [ 4262887.606878062710166, 7510124.756639164872468 ], [ 4262890.154942257329822, 7510124.756639164872468 ], [ 4262890.154942257329822, 7510119.660510776564479 ], [ 4262887.606878062710166, 7510119.660510776564479 ], [ 4262887.606878062710166, 7510117.112446582876146 ], [ 4262885.058813869021833, 7510117.112446582876146 ], [ 4262885.058813869021833, 7510109.468254 ], [ 4262890.154942257329822, 7510109.468254 ], [ 4262890.154942257329822, 7510106.920189806260169 ], [ 4262895.25107064563781, 7510106.920189806260169 ], [ 4262895.25107064563781, 7510104.372125611640513 ], [ 4262897.799134839326143, 7510104.372125611640513 ], [ 4262897.799134839326143, 7510101.82406141795218 ], [ 4262910.539455810561776, 7510101.82406141795218 ], [ 4262910.539455810561776, 7510104.372125611640513 ], [ 4262913.087520004250109, 7510104.372125611640513 ], [ 4262913.087520004250109, 7510109.468254 ], [ 4262915.635584198869765, 7510109.468254 ], [ 4262915.635584198869765, 7510112.016318194568157 ], [ 4262913.087520004250109, 7510112.016318194568157 ], [ 4262913.087520004250109, 7510114.56438238825649 ], [ 4262910.539455810561776, 7510114.56438238825649 ], [ 4262910.539455810561776, 7510117.112446582876146 ], [ 4262907.991391615942121, 7510117.112446582876146 ], [ 4262907.991391615942121, 7510132.400831747800112 ], [ 4262905.443327422253788, 7510132.400831747800112 ], [ 4262905.443327422253788, 7510137.4969601361081 ], [ 4262902.895263227634132, 7510137.4969601361081 ], [ 4262902.895263227634132, 7510145.141152718104422 ], [ 4262900.347199033945799, 7510145.141152718104422 ], [ 4262900.347199033945799, 7510150.237281106412411 ], [ 4262895.25107064563781, 7510150.237281106412411 ], [ 4262895.25107064563781, 7510152.785345301032066 ], [ 4262885.058813869021833, 7510152.785345301032066 ] ] ] } },
{ "type": "Feature", "properties": { "class": 1 }, "geometry": { "type": "Polygon", "coordinates": [ [ [ 4261488.71963547449559, 7510723.551724790595472 ], [ 4261488.71963547449559, 7510721.003660595975816 ], [ 4261481.075442892499268, 7510721.003660595975816 ], [ 4261481.075442892499268, 7510718.455596402287483 ], [ 4261475.979314504191279, 7510718.455596402287483 ], [ 4261475.979314504191279, 7510715.907532207667828 ], [ 4261473.431250310502946, 7510715.907532207667828 ], [ 4261473.431250310502946, 7510713.359468013979495 ], [ 4261468.335121922194958, 7510713.359468013979495 ], [ 4261468.335121922194958, 7510710.811403819359839 ], [ 4261465.787057727575302, 7510710.811403819359839 ], [ 4261465.787057727575302, 7510708.263339625671506 ], [ 4261460.690929339267313, 7510708.263339625671506 ], [ 4261460.690929339267313, 7510705.71527543105185 ], [ 4261458.14286514557898, 7510705.71527543105185 ], [ 4261458.14286514557898, 7510703.167211237363517 ], [ 4261453.046736757270992, 7510703.167211237363517 ], [ 4261453.046736757270992, 7510700.619147042743862 ], [ 4261442.854479980655015, 7510700.619147042743862 ], [ 4261442.854479980655015, 7510698.071082849055529 ], [ 4261432.662223204039037, 7510698.071082849055529 ], [ 4261432.662223204039037, 7510695.523018654435873 ], [ 4261425.018030621111393, 7510695.523018654435873 ], [ 4261425.018030621111393, 7510692.97495446074754 ], [ 4261419.921902232803404, 7510692.97495446074754 ], [ 4261419.921902232803404, 7510690.426890266127884 ], [ 4261404.633517067879438, 7510690.426890266127884 ], [ 4261404.633517067879438, 7510692.97495446074754 ], [ 4261391.893196097575128, 7510692.97495446074754 ], [ 4261391.893196097575128, 7510695.523018654435873 ], [ 4261384.249003514647484, 7510695.523018654435873 ], [ 4261384.249003514647484, 7510692.97495446074754 ], [ 4261374.056746738031507, 7510692.97495446074754 ], [ 4261374.056746738031507, 7510690.426890266127884 ], [ 4261363.864489961415529, 7510690.426890266127884 ], [ 4261363.864489961415529, 7510692.97495446074754 ], [ 4261348.576104796491563, 7510692.97495446074754 ], [ 4261348.576104796491563, 7510690.426890266127884 ], [ 4261343.479976408183575, 7510690.426890266127884 ], [ 4261343.479976408183575, 7510687.878826072439551 ], [ 4261338.383848019875586, 7510687.878826072439551 ], [ 4261338.383848019875586, 7510685.330761877819896 ], [ 4261333.287719631567597, 7510685.330761877819896 ], [ 4261333.287719631567597, 7510682.782697684131563 ], [ 4261325.643527049571276, 7510682.782697684131563 ], [ 4261325.643527049571276, 7510680.234633489511907 ], [ 4261310.35514188464731, 7510680.234633489511907 ], [ 4261310.35514188464731, 7510677.686569295823574 ], [ 4261300.162885108031332, 7510677.686569295823574 ], [ 4261300.162885108031332, 7510680.234633489511907 ], [ 4261297.614820913411677, 7510680.234633489511907 ], [ 4261297.614820913411677, 7510677.686569295823574 ], [ 4261287.4225641367957, 7510677.686569295823574 ], [ 4261287.4225641367957, 7510675.138505101203918 ], [ 4261282.326435748487711, 7510675.138505101203918 ], [ 4261282.326435748487711, 7510672.590440907515585 ], [ 4261277.230307360179722, 7510672.590440907515585 ], [ 4261277.230307360179722, 7510670.04237671289593 ], [ 4261272.134178971871734, 7510670.04237671289593 ], [ 4261272.134178971871734, 7510667.494312519207597 ], [ 4261267.038050583563745, 7510667.494312519207597 ], [ 4261267.038050583563745, 7510664.946248324587941 ], [ 4261261.941922195255756, 7510664.946248324587941 ], [ 4261261.941922195255756, 7510662.398184130899608 ], [ 4261256.845793806947768, 7510662.398184130899608 ], [ 4261256.845793806947768, 7510659.850119936279953 ], [ 4261251.749665418639779, 7510659.850119936279953 ], [ 4261251.749665418639779, 7510657.302055742591619 ], [ 4261246.65353703033179, 7510657.302055742591619 ], [ 4261246.65353703033179, 7510654.753991547971964 ], [ 4261241.557408642023802, 7510654.753991547971964 ], [ 4261241.557408642023802, 7510652.205927354283631 ], [ 4261239.009344448335469, 7510652.205927354283631 ], [ 4261239.009344448335469, 7510649.657863159663975 ], [ 4261236.461280253715813, 7510649.657863159663975 ], [ 4261236.461280253715813, 7510647.109798965975642 ], [ 4261228.817087671719491, 7510647.109798965975642 ], [ 4261228.817087671719491, 7510644.561734771355987 ], [ 4261223.720959283411503, 7510644.561734771355987 ], [ 4261223.720959283411503, 7510642.013670577667654 ], [ 4261221.172895088791847, 7510642.013670577667654 ], [ 4261221.172895088791847, 7510639.465606383047998 ], [ 4261218.624830895103514, 7510639.465606383047998 ], [ 4261218.624830895103514, 7510636.917542189359665 ], [ 4261213.528702506795526, 7510636.917542189359665 ], [ 4261213.528702506795526, 7510634.369477994740009 ], [ 4261210.980638313107193, 7510634.369477994740009 ], [ 4261210.980638313107193, 7510631.821413801051676 ], [ 4261205.884509924799204, 7510631.821413801051676 ], [ 4261205.884509924799204, 7510629.273349606432021 ], [ 4261203.336445730179548, 7510629.273349606432021 ], [ 4261203.336445730179548, 7510626.725285412743688 ], [ 4261200.788381536491215, 7510626.725285412743688 ], [ 4261200.788381536491215, 7510624.177221218124032 ], [ 4261198.24031734187156, 7510624.177221218124032 ], [ 4261198.24031734187156, 7510621.629157024435699 ], [ 4261195.692253148183227, 7510621.629157024435699 ], [ 4261195.692253148183227, 7510619.081092829816043 ], [ 4261193.144188953563571, 7510619.081092829816043 ], [ 4261193.144188953563571, 7510616.53302863612771 ], [ 4261190.596124759875238, 7510616.53302863612771 ], [ 4261190.596124759875238, 7510613.984964441508055 ], [ 4261188.048060565255582, 7510613.984964441508055 ], [ 4261188.048060565255582, 7510611.436900247819722 ], [ 4261185.499996371567249, 7510611.436900247819722 ], [ 4261185.499996371567249, 7510608.888836053200066 ], [ 4261182.951932176947594, 7510608.888836053200066 ], [ 4261182.951932176947594, 7510606.340771859511733 ], [ 4261180.403867983259261, 7510606.340771859511733 ], [ 4261180.403867983259261, 7510603.792707664892077 ], [ 4261175.307739594951272, 7510603.792707664892077 ], [ 4261175.307739594951272, 7510601.244643471203744 ], [ 4261172.759675400331616, 7510601.244643471203744 ], [ 4261172.759675400331616, 7510598.696579276584089 ], [ 4261167.663547012023628, 7510598.696579276584089 ], [ 4261167.663547012023628, 7510596.148515082895756 ], [ 4261165.115482818335295, 7510596.148515082895756 ], [ 4261165.115482818335295, 7510593.6004508882761 ], [ 4261160.019354430027306, 7510593.6004508882761 ], [ 4261160.019354430027306, 7510591.052386694587767 ], [ 4261157.47129023540765, 7510591.052386694587767 ], [ 4261157.47129023540765, 7510588.504322499968112 ], [ 4261154.923226041719317, 7510588.504322499968112 ], [ 4261154.923226041719317, 7510585.956258306279778 ], [ 4261152.375161847099662, 7510585.956258306279778 ], [ 4261152.375161847099662, 7510580.86012991797179 ], [ 4261149.827097653411329, 7510580.86012991797179 ], [ 4261149.827097653411329, 7510575.764001529663801 ], [ 4261147.279033458791673, 7510575.764001529663801 ], [ 4261147.279033458791673, 7510573.215937335975468 ], [ 4261144.73096926510334, 7510573.215937335975468 ], [ 4261144.73096926510334, 7510565.571744753047824 ], [ 4261142.182905070483685, 7510565.571744753047824 ], [ 4261142.182905070483685, 7510555.379487976431847 ], [ 4261139.634840876795352, 7510555.379487976431847 ], [ 4261139.634840876795352, 7510545.187231199815869 ], [ 4261137.086776682175696, 7510545.187231199815869 ], [ 4261137.086776682175696, 7510534.994974423199892 ], [ 4261134.538712488487363, 7510534.994974423199892 ], [ 4261134.538712488487363, 7510527.35078184120357 ], [ 4261131.990648293867707, 7510527.35078184120357 ], [ 4261131.990648293867707, 7510524.802717646583915 ], [ 4261129.442584100179374, 7510524.802717646583915 ], [ 4261129.442584100179374, 7510519.706589258275926 ], [ 4261126.894519905559719, 7510519.706589258275926 ], [ 4261126.894519905559719, 7510517.158525064587593 ], [ 4261124.346455711871386, 7510517.158525064587593 ], [ 4261124.346455711871386, 7510514.610460869967937 ], [ 4261119.250327323563397, 7510514.610460869967937 ], [ 4261119.250327323563397, 7510512.062396676279604 ], [ 4261116.702263128943741, 7510512.062396676279604 ], [ 4261116.702263128943741, 7510509.514332481659949 ], [ 4261114.154198935255408, 7510509.514332481659949 ], [ 4261114.154198935255408, 7510506.966268287971616 ], [ 4261111.606134740635753, 7510506.966268287971616 ], [ 4261111.606134740635753, 7510501.870139899663627 ], [ 4261109.05807054694742, 7510501.870139899663627 ], [ 4261109.05807054694742, 7510499.322075705043972 ], [ 4261106.510006352327764, 7510499.322075705043972 ], [ 4261106.510006352327764, 7510494.225947316735983 ], [ 4261103.961942158639431, 7510494.225947316735983 ], [ 4261103.961942158639431, 7510491.67788312304765 ], [ 4261101.413877964019775, 7510491.67788312304765 ], [ 4261101.413877964019775, 7510489.129818928427994 ], [ 4261098.865813770331442, 7510489.129818928427994 ], [ 4261098.865813770331442, 7510486.581754734739661 ], [ 4261096.317749575711787, 7510486.581754734739661 ], [ 4261096.317749575711787, 7510484.033690540120006 ], [ 4261091.221621187403798, 7510484.033690540120006 ], [ 4261091.221621187403798, 7510481.485626346431673 ], [ 4261086.125492799095809, 7510481.485626346431673 ], [ 4261086.125492799095809, 7510478.937562151812017 ], [ 4261081.029364410787821, 7510478.937562151812017 ], [ 4261081.029364410787821, 7510476.389497958123684 ], [ 4261075.933236022479832, 7510476.389497958123684 ], [ 4261075.933236022479832, 7510473.841433763504028 ], [ 4261073.385171828791499, 7510473.841433763504028 ], [ 4261073.385171828791499, 7510471.293369569815695 ], [ 4261068.28904344048351, 7510471.293369569815695 ], [ 4261068.28904344048351, 7510466.197241181507707 ], [ 4261065.740979245863855, 7510466.197241181507707 ], [ 4261065.740979245863855, 7510456.004984404891729 ], [ 4261063.192915052175522, 7510456.004984404891729 ], [ 4261063.192915052175522, 7510448.360791821964085 ], [ 4261060.644850857555866, 7510448.360791821964085 ], [ 4261060.644850857555866, 7510438.168535045348108 ], [ 4261058.096786663867533, 7510438.168535045348108 ], [ 4261058.096786663867533, 7510433.072406657040119 ], [ 4261055.548722469247878, 7510433.072406657040119 ], [ 4261055.548722469247878, 7510430.524342463351786 ], [ 4261053.000658275559545, 7510430.524342463351786 ], [ 4261053.000658275559545, 7510427.976278268732131 ], [ 4261050.452594080939889, 7510427.976278268732131 ], [ 4261050.452594080939889, 7510422.880149880424142 ], [ 4261047.904529887251556, 7510422.880149880424142 ], [ 4261047.904529887251556, 7510420.332085686735809 ], [ 4261045.3564656926319, 7510420.332085686735809 ], [ 4261045.3564656926319, 7510415.23595729842782 ], [ 4261042.808401498943567, 7510415.23595729842782 ], [ 4261042.808401498943567, 7510407.591764715500176 ], [ 4261040.260337304323912, 7510407.591764715500176 ], [ 4261040.260337304323912, 7510402.495636327192187 ], [ 4261037.712273110635579, 7510402.495636327192187 ], [ 4261037.712273110635579, 7510397.399507938884199 ], [ 4261035.164208916015923, 7510397.399507938884199 ], [ 4261035.164208916015923, 7510394.851443745195866 ], [ 4261032.61614472232759, 7510394.851443745195866 ], [ 4261032.61614472232759, 7510389.755315356887877 ], [ 4261030.068080527707934, 7510389.755315356887877 ], [ 4261030.068080527707934, 7510384.659186968579888 ], [ 4261027.520016334019601, 7510384.659186968579888 ], [ 4261027.520016334019601, 7510379.5630585802719 ], [ 4261024.971952139399946, 7510379.5630585802719 ], [ 4261024.971952139399946, 7510377.014994385652244 ], [ 4261022.423887945711613, 7510377.014994385652244 ], [ 4261022.423887945711613, 7510371.918865997344255 ], [ 4261019.875823751091957, 7510371.918865997344255 ], [ 4261019.875823751091957, 7510366.822737609036267 ], [ 4261017.327759557403624, 7510366.822737609036267 ], [ 4261017.327759557403624, 7510364.274673415347934 ], [ 4261014.779695362783968, 7510364.274673415347934 ], [ 4261014.779695362783968, 7510361.726609220728278 ], [ 4261012.231631169095635, 7510361.726609220728278 ], [ 4261012.231631169095635, 7510359.178545027039945 ], [ 4261009.68356697447598, 7510359.178545027039945 ], [ 4261009.68356697447598, 7510356.63048083242029 ], [ 4261007.135502780787647, 7510356.63048083242029 ], [ 4261007.135502780787647, 7510351.534352444112301 ], [ 4261004.587438586167991, 7510351.534352444112301 ], [ 4261004.587438586167991, 7510348.986288250423968 ], [ 4261002.039374392479658, 7510348.986288250423968 ], [ 4261002.039374392479658, 7510343.890159862115979 ], [ 4260999.491310197860003, 7510343.890159862115979 ], [ 4260999.491310197860003, 7510341.342095667496324 ], [ 4260996.943246004171669, 7510341.342095667496324 ], [ 4260996.943246004171669, 7510336.245967279188335 ], [ 4260994.395181809552014, 7510336.245967279188335 ], [ 4260994.395181809552014, 7510328.601774697192013 ], [ 4260991.847117615863681, 7510328.601774697192013 ], [ 4260991.847117615863681, 7510318.409517920576036 ], [ 4260989.299053421244025, 7510318.409517920576036 ], [ 4260989.299053421244025, 7510300.573068561963737 ], [ 4260986.750989227555692, 7510300.573068561963737 ], [ 4260986.750989227555692, 7510290.38081178534776 ], [ 4260984.202925032936037, 7510290.38081178534776 ], [ 4260984.202925032936037, 7510282.736619202420115 ], [ 4260981.654860839247704, 7510282.736619202420115 ], [ 4260981.654860839247704, 7510277.640490814112127 ], [ 4260979.106796644628048, 7510277.640490814112127 ], [ 4260979.106796644628048, 7510269.996298232115805 ], [ 4260976.558732450939715, 7510269.996298232115805 ], [ 4260976.558732450939715, 7510264.900169843807817 ], [ 4260974.010668256320059, 7510264.900169843807817 ], [ 4260974.010668256320059, 7510231.775335319340229 ], [ 4260976.558732450939715, 7510231.775335319340229 ], [ 4260976.558732450939715, 7510221.583078542724252 ], [ 4260979.106796644628048, 7510221.583078542724252 ], [ 4260979.106796644628048, 7510213.93888596072793 ], [ 4260981.654860839247704, 7510213.93888596072793 ], [ 4260981.654860839247704, 7510203.746629184111953 ], [ 4260986.750989227555692, 7510203.746629184111953 ], [ 4260986.750989227555692, 7510201.198564989492297 ], [ 4260996.943246004171669, 7510201.198564989492297 ], [ 4260996.943246004171669, 7510198.650500795803964 ], [ 4261004.587438586167991, 7510198.650500795803964 ], [ 4261004.587438586167991, 7510196.102436601184309 ], [ 4261007.135502780787647, 7510196.102436601184309 ], [ 4261007.135502780787647, 7510193.554372407495975 ], [ 4261012.231631169095635, 7510193.554372407495975 ], [ 4261012.231631169095635, 7510191.00630821287632 ], [ 4261024.971952139399946, 7510191.00630821287632 ], [ 4261024.971952139399946, 7510188.458244019187987 ], [ 4261032.61614472232759, 7510188.458244019187987 ], [ 4261032.61614472232759, 7510185.910179824568331 ], [ 4261040.260337304323912, 7510185.910179824568331 ], [ 4261040.260337304323912, 7510183.362115630879998 ], [ 4261047.904529887251556, 7510183.362115630879998 ], [ 4261047.904529887251556, 7510180.814051436260343 ], [ 4261053.000658275559545, 7510180.814051436260343 ], [ 4261053.000658275559545, 7510178.26598724257201 ], [ 4261055.548722469247878, 7510178.26598724257201 ], [ 4261055.548722469247878, 7510175.717923047952354 ], [ 4261058.096786663867533, 7510175.717923047952354 ], [ 4261058.096786663867533, 7510173.169858854264021 ], [ 4261060.644850857555866, 7510173.169858854264021 ], [ 4261060.644850857555866, 7510170.621794659644365 ], [ 4261063.192915052175522, 7510170.621794659644365 ], [ 4261063.192915052175522, 7510168.073730465956032 ], [ 4261065.740979245863855, 7510168.073730465956032 ], [ 4261065.740979245863855, 7510165.525666271336377 ], [ 4261068.28904344048351, 7510165.525666271336377 ], [ 4261068.28904344048351, 7510162.977602077648044 ], [ 4261073.385171828791499, 7510162.977602077648044 ], [ 4261073.385171828791499, 7510160.429537883028388 ], [ 4261078.481300217099488, 7510160.429537883028388 ], [ 4261078.481300217099488, 7510157.881473689340055 ], [ 4261096.317749575711787, 7510157.881473689340055 ], [ 4261096.317749575711787, 7510155.333409494720399 ], [ 4261109.05807054694742, 7510155.333409494720399 ], [ 4261109.05807054694742, 7510152.785345301032066 ], [ 4261131.990648293867707, 7510152.785345301032066 ], [ 4261131.990648293867707, 7510150.237281106412411 ], [ 4261149.827097653411329, 7510150.237281106412411 ], [ 4261149.827097653411329, 7510147.689216912724078 ], [ 4261167.663547012023628, 7510147.689216912724078 ], [ 4261167.663547012023628, 7510145.141152718104422 ], [ 4261172.759675400331616, 7510145.141152718104422 ], [ 4261172.759675400331616, 7510142.593088524416089 ], [ 4261175.307739594951272, 7510142.593088524416089 ], [ 4261175.307739594951272, 7510140.045024329796433 ], [ 4261180.403867983259261, 7510140.045024329796433 ], [ 4261180.403867983259261, 7510137.4969601361081 ], [ 4261185.499996371567249, 7510137.4969601361081 ], [ 4261185.499996371567249, 7510134.948895941488445 ], [ 4261190.596124759875238, 7510134.948895941488445 ], [ 4261190.596124759875238, 7510132.400831747800112 ], [ 4261193.144188953563571, 7510132.400831747800112 ], [ 4261193.144188953563571, 7510129.852767553180456 ], [ 4261200.788381536491215, 7510129.852767553180456 ], [ 4261200.788381536491215, 7510127.304703359492123 ], [ 4261210.980638313107193, 7510127.304703359492123 ], [ 4261210.980638313107193, 7510124.756639164872468 ], [ 4261226.269023477099836, 7510124.756639164872468 ], [ 4261226.269023477099836, 7510122.208574971184134 ], [ 4261244.105472836643457, 7510122.208574971184134 ], [ 4261244.105472836643457, 7510119.660510776564479 ], [ 4261259.393858001567423, 7510119.660510776564479 ], [ 4261259.393858001567423, 7510117.112446582876146 ], [ 4261272.134178971871734, 7510117.112446582876146 ], [ 4261272.134178971871734, 7510114.56438238825649 ], [ 4261279.778371554799378, 7510114.56438238825649 ], [ 4261279.778371554799378, 7510112.016318194568157 ], [ 4261287.4225641367957, 7510112.016318194568157 ], [ 4261287.4225641367957, 7510109.468254 ], [ 4261297.614820913411677, 7510109.468254 ], [ 4261297.614820913411677, 7510106.920189806260169 ], [ 4261307.807077690027654, 7510106.920189806260169 ], [ 4261307.807077690027654, 7510104.372125611640513 ], [ 4261312.903206078335643, 7510104.372125611640513 ], [ 4261312.903206078335643, 7510101.82406141795218 ], [ 4261315.451270272955298, 7510101.82406141795218 ], [ 4261315.451270272955298, 7510099.275997223332524 ], [ 4261317.999334466643631, 7510099.275997223332524 ], [ 4261317.999334466643631, 7510096.727933029644191 ], [ 4261323.09546285495162, 7510096.727933029644191 ], [ 4261323.09546285495162, 7510094.179868835024536 ], [ 4261335.835783826187253, 7510094.179868835024536 ], [ 4261335.835783826187253, 7510091.631804641336203 ], [ 4261351.124168991111219, 7510091.631804641336203 ], [ 4261351.124168991111219, 7510089.083740446716547 ], [ 4261361.316425767727196, 7510089.083740446716547 ], [ 4261361.316425767727196, 7510086.535676253028214 ], [ 4261368.960618349723518, 7510086.535676253028214 ], [ 4261368.960618349723518, 7510083.987612058408558 ], [ 4261409.729645456187427, 7510083.987612058408558 ], [ 4261409.729645456187427, 7510081.439547864720225 ], [ 4261414.825773844495416, 7510081.439547864720225 ], [ 4261414.825773844495416, 7510078.89148367010057 ], [ 4261417.373838039115071, 7510078.89148367010057 ], [ 4261417.373838039115071, 7510076.343419476412237 ], [ 4261425.018030621111393, 7510076.343419476412237 ], [ 4261425.018030621111393, 7510073.795355281792581 ], [ 4261435.21028739772737, 7510073.795355281792581 ], [ 4261435.21028739772737, 7510071.247291088104248 ], [ 4261445.402544174343348, 7510071.247291088104248 ], [ 4261445.402544174343348, 7510068.699226893484592 ], [ 4261483.623507087118924, 7510068.699226893484592 ], [ 4261483.623507087118924, 7510066.151162699796259 ], [ 4261493.815763862803578, 7510066.151162699796259 ], [ 4261493.815763862803578, 7510063.603098505176604 ], [ 4261501.459956445731223, 7510063.603098505176604 ], [ 4261501.459956445731223, 7510061.055034311488271 ], [ 4261506.556084834039211, 7510061.055034311488271 ], [ 4261506.556084834039211, 7510058.506970116868615 ], [ 4261511.6522132223472, 7510058.506970116868615 ], [ 4261511.6522132223472, 7510055.958905923180282 ], [ 4261519.296405804343522, 7510055.958905923180282 ], [ 4261519.296405804343522, 7510053.410841728560627 ], [ 4261529.488662580959499, 7510053.410841728560627 ], [ 4261529.488662580959499, 7510050.862777534872293 ], [ 4261542.228983552195132, 7510050.862777534872293 ], [ 4261542.228983552195132, 7510048.314713340252638 ], [ 4261560.065432910807431, 7510048.314713340252638 ], [ 4261560.065432910807431, 7510045.766649146564305 ], [ 4261570.257689687423408, 7510045.766649146564305 ], [ 4261570.257689687423408, 7510043.218584952875972 ], [ 4261575.353818075731397, 7510043.218584952875972 ], [ 4261575.353818075731397, 7510040.670520758256316 ], [ 4261580.449946464039385, 7510040.670520758256316 ], [ 4261580.449946464039385, 7510038.122456564567983 ], [ 4261585.546074852347374, 7510038.122456564567983 ], [ 4261585.546074852347374, 7510035.574392369948328 ], [ 4261590.642203240655363, 7510035.574392369948328 ], [ 4261590.642203240655363, 7510033.026328176259995 ], [ 4261595.738331628963351, 7510033.026328176259995 ], [ 4261595.738331628963351, 7510030.478263981640339 ], [ 4261598.286395823583007, 7510030.478263981640339 ], [ 4261598.286395823583007, 7510027.930199787952006 ], [ 4261603.382524211890996, 7510027.930199787952006 ], [ 4261603.382524211890996, 7510025.38213559333235 ], [ 4261608.478652600198984, 7510025.38213559333235 ], [ 4261608.478652600198984, 7510022.834071399644017 ], [ 4261611.026716793887317, 7510022.834071399644017 ], [ 4261611.026716793887317, 7510020.286007205024362 ], [ 4261616.122845182195306, 7510020.286007205024362 ], [ 4261616.122845182195306, 7510017.737943011336029 ], [ 4261618.670909376814961, 7510017.737943011336029 ], [ 4261618.670909376814961, 7510015.189878816716373 ], [ 4261623.76703776512295, 7510015.189878816716373 ], [ 4261623.76703776512295, 7510012.64181462302804 ], [ 4261644.151551318354905, 7510012.64181462302804 ], [ 4261644.151551318354905, 7510010.093750428408384 ], [ 4261672.180257453583181, 7510010.093750428408384 ], [ 4261672.180257453583181, 7510012.64181462302804 ], [ 4261677.27638584189117, 7510012.64181462302804 ], [ 4261677.27638584189117, 7510015.189878816716373 ], [ 4261679.824450036510825, 7510015.189878816716373 ], [ 4261679.824450036510825, 7510017.737943011336029 ], [ 4261682.372514230199158, 7510017.737943011336029 ], [ 4261682.372514230199158, 7510025.38213559333235 ], [ 4261684.920578424818814, 7510025.38213559333235 ], [ 4261684.920578424818814, 7510030.478263981640339 ], [ 4261687.468642618507147, 7510030.478263981640339 ], [ 4261687.468642618507147, 7510038.122456564567983 ], [ 4261690.016706813126802, 7510038.122456564567983 ], [ 4261690.016706813126802, 7510045.766649146564305 ], [ 4261692.564771006815135, 7510045.766649146564305 ], [ 4261692.564771006815135, 7510050.862777534872293 ], [ 4261695.112835201434791, 7510050.862777534872293 ], [ 4261695.112835201434791, 7510058.506970116868615 ], [ 4261697.660899395123124, 7510058.506970116868615 ], [ 4261697.660899395123124, 7510063.603098505176604 ], [ 4261700.20896358974278, 7510063.603098505176604 ], [ 4261700.20896358974278, 7510068.699226893484592 ], [ 4261702.757027783431113, 7510068.699226893484592 ], [ 4261702.757027783431113, 7510073.795355281792581 ], [ 4261705.305091978050768, 7510073.795355281792581 ], [ 4261705.305091978050768, 7510078.89148367010057 ], [ 4261707.853156171739101, 7510078.89148367010057 ], [ 4261707.853156171739101, 7510083.987612058408558 ], [ 4261710.401220366358757, 7510083.987612058408558 ], [ 4261710.401220366358757, 7510089.083740446716547 ], [ 4261712.94928456004709, 7510089.083740446716547 ], [ 4261712.94928456004709, 7510094.179868835024536 ], [ 4261715.497348754666746, 7510094.179868835024536 ], [ 4261715.497348754666746, 7510099.275997223332524 ], [ 4261718.045412948355079, 7510099.275997223332524 ], [ 4261718.045412948355079, 7510104.372125611640513 ], [ 4261720.593477142974734, 7510104.372125611640513 ], [ 4261720.593477142974734, 7510109.468254 ], [ 4261723.141541336663067, 7510109.468254 ], [ 4261723.141541336663067, 7510112.016318194568157 ], [ 4261725.689605531282723, 7510112.016318194568157 ], [ 4261725.689605531282723, 7510117.112446582876146 ], [ 4261728.237669724971056, 7510117.112446582876146 ], [ 4261728.237669724971056, 7510119.660510776564479 ], [ 4261730.785733919590712, 7510119.660510776564479 ], [ 4261730.785733919590712, 7510124.756639164872468 ], [ 4261733.333798113279045, 7510124.756639164872468 ], [ 4261733.333798113279045, 7510129.852767553180456 ], [ 4261735.8818623078987, 7510129.852767553180456 ], [ 4261735.8818623078987, 7510132.400831747800112 ], [ 4261738.429926501587033, 7510132.400831747800112 ], [ 4261738.429926501587033, 7510134.948895941488445 ], [ 4261740.977990696206689, 7510134.948895941488445 ], [ 4261740.977990696206689, 7510140.045024329796433 ], [ 4261743.526054889895022, 7510140.045024329796433 ], [ 4261743.526054889895022, 7510142.593088524416089 ], [ 4261746.074119084514678, 7510142.593088524416089 ], [ 4261746.074119084514678, 7510145.141152718104422 ], [ 4261748.622183278203011, 7510145.141152718104422 ], [ 4261748.622183278203011, 7510150.237281106412411 ], [ 4261751.170247472822666, 7510150.237281106412411 ], [ 4261751.170247472822666, 7510152.785345301032066 ], [ 4261753.718311666510999, 7510152.785345301032066 ], [ 4261753.718311666510999, 7510155.333409494720399 ], [ 4261756.266375860199332, 7510155.333409494720399 ], [ 4261756.266375860199332, 7510157.881473689340055 ], [ 4261758.814440054818988, 7510157.881473689340055 ], [ 4261758.814440054818988, 7510160.429537883028388 ], [ 4261761.362504248507321, 7510160.429537883028388 ], [ 4261761.362504248507321, 7510162.977602077648044 ], [ 4261763.910568443126976, 7510162.977602077648044 ], [ 4261763.910568443126976, 7510165.525666271336377 ], [ 4261766.45863263681531, 7510165.525666271336377 ], [ 4261766.45863263681531, 7510170.621794659644365 ], [ 4261769.006696831434965, 7510170.621794659644365 ], [ 4261769.006696831434965, 7510173.169858854264021 ], [ 4261771.554761025123298, 7510173.169858854264021 ], [ 4261771.554761025123298, 7510175.717923047952354 ], [ 4261774.102825219742954, 7510175.717923047952354 ], [ 4261774.102825219742954, 7510178.26598724257201 ], [ 4261776.650889413431287, 7510178.26598724257201 ], [ 4261776.650889413431287, 7510180.814051436260343 ], [ 4261781.747017801739275, 7510180.814051436260343 ], [ 4261781.747017801739275, 7510183.362115630879998 ], [ 4261784.295081996358931, 7510183.362115630879998 ], [ 4261784.295081996358931, 7510185.910179824568331 ], [ 4261786.843146190047264, 7510185.910179824568331 ], [ 4261786.843146190047264, 7510188.458244019187987 ], [ 4261789.39121038466692, 7510188.458244019187987 ], [ 4261789.39121038466692, 7510191.00630821287632 ], [ 4261791.939274578355253, 7510191.00630821287632 ], [ 4261791.939274578355253, 7510193.554372407495975 ], [ 4261794.487338772974908, 7510193.554372407495975 ], [ 4261794.487338772974908, 7510196.102436601184309 ], [ 4261797.035402966663241, 7510196.102436601184309 ], [ 4261797.035402966663241, 7510198.650500795803964 ], [ 4261802.13153135497123, 7510198.650500795803964 ], [ 4261802.13153135497123, 7510201.198564989492297 ], [ 4261804.679595549590886, 7510201.198564989492297 ], [ 4261804.679595549590886, 7510203.746629184111953 ], [ 4261807.227659743279219, 7510203.746629184111953 ], [ 4261807.227659743279219, 7510206.294693377800286 ], [ 4261809.775723937898874, 7510206.294693377800286 ], [ 4261809.775723937898874, 7510208.842757572419941 ], [ 4261814.871852326206863, 7510208.842757572419941 ], [ 4261814.871852326206863, 7510211.390821766108274 ], [ 4261817.419916519895196, 7510211.390821766108274 ], [ 4261817.419916519895196, 7510213.93888596072793 ], [ 4261822.516044908203185, 7510213.93888596072793 ], [ 4261822.516044908203185, 7510216.486950154416263 ], [ 4261825.06410910282284, 7510216.486950154416263 ], [ 4261825.06410910282284, 7510219.035014349035919 ], [ 4261830.160237491130829, 7510219.035014349035919 ], [ 4261830.160237491130829, 7510221.583078542724252 ], [ 4261832.708301684819162, 7510221.583078542724252 ], [ 4261832.708301684819162, 7510224.131142737343907 ], [ 4261837.804430073127151, 7510224.131142737343907 ], [ 4261837.804430073127151, 7510226.67920693103224 ], [ 4261840.352494267746806, 7510226.67920693103224 ], [ 4261840.352494267746806, 7510229.227271125651896 ], [ 4261845.448622656054795, 7510229.227271125651896 ], [ 4261845.448622656054795, 7510231.775335319340229 ], [ 4261850.544751044362783, 7510231.775335319340229 ], [ 4261850.544751044362783, 7510234.323399513959885 ], [ 4261855.640879432670772, 7510234.323399513959885 ], [ 4261855.640879432670772, 7510236.871463707648218 ], [ 4261860.737007820978761, 7510236.871463707648218 ], [ 4261860.737007820978761, 7510239.419527902267873 ], [ 4261863.285072014667094, 7510239.419527902267873 ], [ 4261863.285072014667094, 7510241.967592095956206 ], [ 4261868.381200402975082, 7510241.967592095956206 ], [ 4261868.381200402975082, 7510244.515656290575862 ], [ 4261876.025392985902727, 7510244.515656290575862 ], [ 4261876.025392985902727, 7510247.063720484264195 ], [ 4261881.121521374210715, 7510247.063720484264195 ], [ 4261881.121521374210715, 7510249.611784678883851 ], [ 4261886.217649762518704, 7510249.611784678883851 ], [ 4261886.217649762518704, 7510252.159848872572184 ], [ 4261891.313778150826693, 7510252.159848872572184 ], [ 4261891.313778150826693, 7510254.707913067191839 ], [ 4261898.957970732823014, 7510254.707913067191839 ], [ 4261898.957970732823014, 7510257.255977260880172 ], [ 4261906.602163315750659, 7510257.255977260880172 ], [ 4261906.602163315750659, 7510259.804041455499828 ], [ 4261914.24635589774698, 7510259.804041455499828 ], [ 4261914.24635589774698, 7510262.352105649188161 ], [ 4261921.890548480674624, 7510262.352105649188161 ], [ 4261921.890548480674624, 7510264.900169843807817 ], [ 4261926.986676868982613, 7510264.900169843807817 ], [ 4261926.986676868982613, 7510267.44823403749615 ], [ 4261937.17893364559859, 7510267.44823403749615 ], [ 4261937.17893364559859, 7510269.996298232115805 ], [ 4261944.823126227594912, 7510269.996298232115805 ], [ 4261944.823126227594912, 7510272.544362425804138 ], [ 4261955.015383004210889, 7510272.544362425804138 ], [ 4261955.015383004210889, 7510275.092426620423794 ], [ 4261957.563447198830545, 7510275.092426620423794 ], [ 4261957.563447198830545, 7510272.544362425804138 ], [ 4261965.207639780826867, 7510272.544362425804138 ], [ 4261965.207639780826867, 7510269.996298232115805 ], [ 4261975.399896557442844, 7510269.996298232115805 ], [ 4261975.399896557442844, 7510267.44823403749615 ], [ 4261983.044089140370488, 7510267.44823403749615 ], [ 4261983.044089140370488, 7510264.900169843807817 ], [ 4261990.68828172236681, 7510264.900169843807817 ], [ 4261990.68828172236681, 7510262.352105649188161 ], [ 4262000.880538498982787, 7510262.352105649188161 ], [ 4262000.880538498982787, 7510259.804041455499828 ], [ 4262008.524731081910431, 7510259.804041455499828 ], [ 4262008.524731081910431, 7510257.255977260880172 ], [ 4262013.62085947021842, 7510257.255977260880172 ], [ 4262013.62085947021842, 7510254.707913067191839 ], [ 4262021.265052052214742, 7510254.707913067191839 ], [ 4262021.265052052214742, 7510252.159848872572184 ], [ 4262026.36118044052273, 7510252.159848872572184 ], [ 4262026.36118044052273, 7510249.611784678883851 ], [ 4262031.457308828830719, 7510249.611784678883851 ], [ 4262031.457308828830719, 7510247.063720484264195 ], [ 4262036.553437217138708, 7510247.063720484264195 ], [ 4262036.553437217138708, 7510244.515656290575862 ], [ 4262041.649565605446696, 7510244.515656290575862 ], [ 4262041.649565605446696, 7510241.967592095956206 ], [ 4262046.745693993754685, 7510241.967592095956206 ], [ 4262046.745693993754685, 7510239.419527902267873 ], [ 4262051.841822382062674, 7510239.419527902267873 ], [ 4262051.841822382062674, 7510236.871463707648218 ], [ 4262054.389886575751007, 7510236.871463707648218 ], [ 4262054.389886575751007, 7510234.323399513959885 ], [ 4262059.486014964058995, 7510234.323399513959885 ], [ 4262059.486014964058995, 7510231.775335319340229 ], [ 4262064.582143352366984, 7510231.775335319340229 ], [ 4262064.582143352366984, 7510229.227271125651896 ], [ 4262069.678271740674973, 7510229.227271125651896 ], [ 4262069.678271740674973, 7510226.67920693103224 ], [ 4262074.774400128982961, 7510226.67920693103224 ], [ 4262074.774400128982961, 7510224.131142737343907 ], [ 4262079.87052851729095, 7510224.131142737343907 ], [ 4262079.87052851729095, 7510221.583078542724252 ], [ 4262082.418592711910605, 7510221.583078542724252 ], [ 4262082.418592711910605, 7510219.035014349035919 ], [ 4262087.514721100218594, 7510219.035014349035919 ], [ 4262087.514721100218594, 7510216.486950154416263 ], [ 4262092.610849488526583, 7510216.486950154416263 ], [ 4262092.610849488526583, 7510213.93888596072793 ], [ 4262095.158913682214916, 7510213.93888596072793 ], [ 4262095.158913682214916, 7510211.390821766108274 ], [ 4262097.706977876834571, 7510211.390821766108274 ], [ 4262097.706977876834571, 7510208.842757572419941 ], [ 4262102.80310626514256, 7510208.842757572419941 ], [ 4262102.80310626514256, 7510206.294693377800286 ], [ 4262105.351170458830893, 7510206.294693377800286 ], [ 4262105.351170458830893, 7510203.746629184111953 ], [ 4262107.899234653450549, 7510203.746629184111953 ], [ 4262107.899234653450549, 7510201.198564989492297 ], [ 4262112.995363041758537, 7510201.198564989492297 ], [ 4262112.995363041758537, 7510198.650500795803964 ], [ 4262115.54342723544687, 7510198.650500795803964 ], [ 4262115.54342723544687, 7510196.102436601184309 ], [ 4262118.091491430066526, 7510196.102436601184309 ], [ 4262118.091491430066526, 7510193.554372407495975 ], [ 4262120.639555623754859, 7510193.554372407495975 ], [ 4262120.639555623754859, 7510191.00630821287632 ], [ 4262123.187619818374515, 7510191.00630821287632 ], [ 4262123.187619818374515, 7510188.458244019187987 ], [ 4262125.735684012062848, 7510188.458244019187987 ], [ 4262125.735684012062848, 7510185.910179824568331 ], [ 4262128.283748206682503, 7510185.910179824568331 ], [ 4262128.283748206682503, 7510183.362115630879998 ], [ 4262133.379876594990492, 7510183.362115630879998 ], [ 4262133.379876594990492, 7510180.814051436260343 ], [ 4262135.927940788678825, 7510180.814051436260343 ], [ 4262135.927940788678825, 7510178.26598724257201 ], [ 4262138.476004983298481, 7510178.26598724257201 ], [ 4262138.476004983298481, 7510175.717923047952354 ], [ 4262141.024069176986814, 7510175.717923047952354 ], [ 4262141.024069176986814, 7510173.169858854264021 ], [ 4262143.572133371606469, 7510173.169858854264021 ], [ 4262143.572133371606469, 7510170.621794659644365 ], [ 4262146.120197565294802, 7510170.621794659644365 ], [ 4262146.120197565294802, 7510168.073730465956032 ], [ 4262148.668261759914458, 7510168.073730465956032 ], [ 4262148.668261759914458, 7510162.977602077648044 ], [ 4262151.216325953602791, 7510162.977602077648044 ], [ 4262151.216325953602791, 7510160.429537883028388 ], [ 4262153.764390148222446, 7510160.429537883028388 ], [ 4262153.764390148222446, 7510157.881473689340055 ], [ 4262156.312454341910779, 7510157.881473689340055 ], [ 4262156.312454341910779, 7510155.333409494720399 ], [ 4262158.860518536530435, 7510155.333409494720399 ], [ 4262158.860518536530435, 7510152.785345301032066 ], [ 4262161.408582730218768, 7510152.785345301032066 ], [ 4262161.408582730218768, 7510150.237281106412411 ], [ 4262163.956646924838424, 7510150.237281106412411 ], [ 4262163.956646924838424, 7510147.689216912724078 ], [ 4262166.504711118526757, 7510147.689216912724078 ], [ 4262166.504711118526757, 7510145.141152718104422 ], [ 4262181.793096283450723, 7510145.141152718104422 ], [ 4262181.793096283450723, 7510147.689216912724078 ], [ 4262191.9853530600667, 7510147.689216912724078 ], [ 4262191.9853530600667, 7510145.141152718104422 ], [ 4262199.629545642994344, 7510145.141152718104422 ], [ 4262199.629545642994344, 7510142.593088524416089 ], [ 4262209.821802419610322, 7510142.593088524416089 ], [ 4262209.821802419610322, 7510137.4969601361081 ], [ 4262212.369866613298655, 7510137.4969601361081 ], [ 4262212.369866613298655, 7510129.852767553180456 ], [ 4262214.91793080791831, 7510129.852767553180456 ], [ 4262214.91793080791831, 7510127.304703359492123 ], [ 4262222.562123389914632, 7510127.304703359492123 ], [ 4262222.562123389914632, 7510124.756639164872468 ], [ 4262230.206315972842276, 7510124.756639164872468 ], [ 4262230.206315972842276, 7510122.208574971184134 ], [ 4262235.302444361150265, 7510122.208574971184134 ], [ 4262235.302444361150265, 7510114.56438238825649 ], [ 4262237.850508554838598, 7510114.56438238825649 ], [ 4262237.850508554838598, 7510112.016318194568157 ], [ 4262242.946636943146586, 7510112.016318194568157 ], [ 4262242.946636943146586, 7510109.468254 ], [ 4262248.042765331454575, 7510109.468254 ], [ 4262248.042765331454575, 7510106.920189806260169 ], [ 4262253.138893719762564, 7510106.920189806260169 ], [ 4262253.138893719762564, 7510104.372125611640513 ], [ 4262260.783086302690208, 7510104.372125611640513 ], [ 4262260.783086302690208, 7510106.920189806260169 ], [ 4262265.879214690998197, 7510106.920189806260169 ], [ 4262265.879214690998197, 7510109.468254 ], [ 4262268.42727888468653, 7510109.468254 ], [ 4262268.42727888468653, 7510112.016318194568157 ], [ 4262273.523407272994518, 7510112.016318194568157 ], [ 4262273.523407272994518, 7510117.112446582876146 ], [ 4262276.071471467614174, 7510117.112446582876146 ], [ 4262276.071471467614174, 7510122.208574971184134 ], [ 4262278.619535661302507, 7510122.208574971184134 ], [ 4262278.619535661302507, 7510124.756639164872468 ], [ 4262283.715664049610496, 7510124.756639164872468 ], [ 4262283.715664049610496, 7510127.304703359492123 ], [ 4262288.811792437918484, 7510127.304703359492123 ], [ 4262288.811792437918484, 7510124.756639164872468 ], [ 4262291.359856631606817, 7510124.756639164872468 ], [ 4262291.359856631606817, 7510122.208574971184134 ], [ 4262293.907920826226473, 7510122.208574971184134 ], [ 4262293.907920826226473, 7510119.660510776564479 ], [ 4262299.004049214534461, 7510119.660510776564479 ], [ 4262299.004049214534461, 7510122.208574971184134 ], [ 4262301.552113408222795, 7510122.208574971184134 ], [ 4262301.552113408222795, 7510127.304703359492123 ], [ 4262319.388562767766416, 7510127.304703359492123 ], [ 4262319.388562767766416, 7510129.852767553180456 ], [ 4262329.580819544382393, 7510129.852767553180456 ], [ 4262329.580819544382393, 7510132.400831747800112 ], [ 4262332.128883738070726, 7510132.400831747800112 ], [ 4262332.128883738070726, 7510134.948895941488445 ], [ 4262334.676947932690382, 7510134.948895941488445 ], [ 4262334.676947932690382, 7510137.4969601361081 ], [ 4262339.773076320998371, 7510137.4969601361081 ], [ 4262339.773076320998371, 7510134.948895941488445 ], [ 4262344.869204709306359, 7510134.948895941488445 ], [ 4262344.869204709306359, 7510132.400831747800112 ], [ 4262349.965333097614348, 7510132.400831747800112 ], [ 4262349.965333097614348, 7510134.948895941488445 ], [ 4262352.513397291302681, 7510134.948895941488445 ], [ 4262352.513397291302681, 7510140.045024329796433 ], [ 4262355.061461485922337, 7510140.045024329796433 ], [ 4262355.061461485922337, 7510145.141152718104422 ], [ 4262357.60952567961067, 7510145.141152718104422 ], [ 4262357.60952567961067, 7510147.689216912724078 ], [ 4262360.157589874230325, 7510147.689216912724078 ], [ 4262360.157589874230325, 7510155.333409494720399 ], [ 4262355.061461485922337, 7510155.333409494720399 ], [ 4262355.061461485922337, 7510157.881473689340055 ], [ 4262349.965333097614348, 7510157.881473689340055 ], [ 4262349.965333097614348, 7510160.429537883028388 ], [ 4262342.321140514686704, 7510160.429537883028388 ], [ 4262342.321140514686704, 7510162.977602077648044 ], [ 4262334.676947932690382, 7510162.977602077648044 ], [ 4262334.676947932690382, 7510165.525666271336377 ], [ 4262332.128883738070726, 7510165.525666271336377 ], [ 4262332.128883738070726, 7510168.073730465956032 ], [ 4262327.032755349762738, 7510168.073730465956032 ], [ 4262327.032755349762738, 7510173.169858854264021 ], [ 4262321.936626961454749, 7510173.169858854264021 ], [ 4262321.936626961454749, 7510175.717923047952354 ], [ 4262306.648241796530783, 7510175.717923047952354 ], [ 4262306.648241796530783, 7510178.26598724257201 ], [ 4262304.10017760284245, 7510178.26598724257201 ], [ 4262304.10017760284245, 7510180.814051436260343 ], [ 4262301.552113408222795, 7510180.814051436260343 ], [ 4262301.552113408222795, 7510196.102436601184309 ], [ 4262299.004049214534461, 7510196.102436601184309 ], [ 4262299.004049214534461, 7510198.650500795803964 ], [ 4262296.455985019914806, 7510198.650500795803964 ], [ 4262296.455985019914806, 7510203.746629184111953 ], [ 4262293.907920826226473, 7510203.746629184111953 ], [ 4262293.907920826226473, 7510206.294693377800286 ], [ 4262291.359856631606817, 7510206.294693377800286 ], [ 4262291.359856631606817, 7510211.390821766108274 ], [ 4262288.811792437918484, 7510211.390821766108274 ], [ 4262288.811792437918484, 7510226.67920693103224 ], [ 4262291.359856631606817, 7510226.67920693103224 ], [ 4262291.359856631606817, 7510229.227271125651896 ], [ 4262293.907920826226473, 7510229.227271125651896 ], [ 4262293.907920826226473, 7510234.323399513959885 ], [ 4262296.455985019914806, 7510234.323399513959885 ], [ 4262296.455985019914806, 7510236.871463707648218 ], [ 4262299.004049214534461, 7510236.871463707648218 ], [ 4262299.004049214534461, 7510239.419527902267873 ], [ 4262304.10017760284245, 7510239.419527902267873 ], [ 4262304.10017760284245, 7510241.967592095956206 ], [ 4262311.744370184838772, 7510241.967592095956206 ], [ 4262311.744370184838772, 7510244.515656290575862 ], [ 4262319.388562767766416, 7510244.515656290575862 ], [ 4262319.388562767766416, 7510241.967592095956206 ], [ 4262321.936626961454749, 7510241.967592095956206 ], [ 4262321.936626961454749, 7510239.419527902267873 ], [ 4262324.484691156074405, 7510239.419527902267873 ], [ 4262324.484691156074405, 7510231.775335319340229 ], [ 4262327.032755349762738, 7510231.775335319340229 ], [ 4262327.032755349762738, 7510229.227271125651896 ], [ 4262329.580819544382393, 7510229.227271125651896 ], [ 4262329.580819544382393, 7510226.67920693103224 ], [ 4262334.676947932690382, 7510226.67920693103224 ], [ 4262334.676947932690382, 7510224.131142737343907 ], [ 4262342.321140514686704, 7510224.131142737343907 ], [ 4262342.321140514686704, 7510221.583078542724252 ], [ 4262347.417268902994692, 7510221.583078542724252 ], [ 4262347.417268902994692, 7510219.035014349035919 ], [ 4262349.965333097614348, 7510219.035014349035919 ], [ 4262349.965333097614348, 7510216.486950154416263 ], [ 4262352.513397291302681, 7510216.486950154416263 ], [ 4262352.513397291302681, 7510213.93888596072793 ], [ 4262357.60952567961067, 7510213.93888596072793 ], [ 4262357.60952567961067, 7510211.390821766108274 ], [ 4262360.157589874230325, 7510211.390821766108274 ], [ 4262360.157589874230325, 7510208.842757572419941 ], [ 4262362.705654067918658, 7510208.842757572419941 ], [ 4262362.705654067918658, 7510206.294693377800286 ], [ 4262367.801782456226647, 7510206.294693377800286 ], [ 4262367.801782456226647, 7510203.746629184111953 ], [ 4262375.445975039154291, 7510203.746629184111953 ], [ 4262375.445975039154291, 7510201.198564989492297 ], [ 4262383.090167621150613, 7510201.198564989492297 ], [ 4262383.090167621150613, 7510198.650500795803964 ], [ 4262416.2150021456182, 7510198.650500795803964 ], [ 4262416.2150021456182, 7510196.102436601184309 ], [ 4262418.763066339306533, 7510196.102436601184309 ], [ 4262418.763066339306533, 7510193.554372407495975 ], [ 4262423.859194727614522, 7510193.554372407495975 ], [ 4262423.859194727614522, 7510191.00630821287632 ], [ 4262428.955323115922511, 7510191.00630821287632 ], [ 4262428.955323115922511, 7510188.458244019187987 ], [ 4262431.503387310542166, 7510188.458244019187987 ], [ 4262431.503387310542166, 7510185.910179824568331 ], [ 4262436.599515698850155, 7510185.910179824568331 ], [ 4262436.599515698850155, 7510183.362115630879998 ], [ 4262439.147579892538488, 7510183.362115630879998 ], [ 4262439.147579892538488, 7510178.26598724257201 ], [ 4262441.695644087158144, 7510178.26598724257201 ], [ 4262441.695644087158144, 7510175.717923047952354 ], [ 4262444.243708280846477, 7510175.717923047952354 ], [ 4262444.243708280846477, 7510170.621794659644365 ], [ 4262446.791772475466132, 7510170.621794659644365 ], [ 4262446.791772475466132, 7510168.073730465956032 ], [ 4262449.339836669154465, 7510168.073730465956032 ], [ 4262449.339836669154465, 7510165.525666271336377 ], [ 4262451.887900863774121, 7510165.525666271336377 ], [ 4262451.887900863774121, 7510157.881473689340055 ], [ 4262454.435965057462454, 7510157.881473689340055 ], [ 4262454.435965057462454, 7510152.785345301032066 ], [ 4262456.984029252082109, 7510152.785345301032066 ], [ 4262456.984029252082109, 7510147.689216912724078 ], [ 4262459.532093445770442, 7510147.689216912724078 ], [ 4262459.532093445770442, 7510140.045024329796433 ], [ 4262462.080157640390098, 7510140.045024329796433 ], [ 4262462.080157640390098, 7510137.4969601361081 ], [ 4262482.464671193622053, 7510137.4969601361081 ], [ 4262482.464671193622053, 7510140.045024329796433 ], [ 4262485.012735387310386, 7510140.045024329796433 ], [ 4262485.012735387310386, 7510142.593088524416089 ], [ 4262490.108863775618374, 7510142.593088524416089 ], [ 4262490.108863775618374, 7510150.237281106412411 ], [ 4262492.65692797023803, 7510150.237281106412411 ], [ 4262492.65692797023803, 7510152.785345301032066 ], [ 4262490.108863775618374, 7510152.785345301032066 ], [ 4262490.108863775618374, 7510155.333409494720399 ], [ 4262487.560799581930041, 7510155.333409494720399 ], [ 4262487.560799581930041, 7510157.881473689340055 ], [ 4262485.012735387310386, 7510157.881473689340055 ], [ 4262485.012735387310386, 7510160.429537883028388 ], [ 4262479.916606999002397, 7510160.429537883028388 ], [ 4262479.916606999002397, 7510162.977602077648044 ], [ 4262477.368542805314064, 7510162.977602077648044 ], [ 4262477.368542805314064, 7510165.525666271336377 ], [ 4262474.820478610694408, 7510165.525666271336377 ], [ 4262474.820478610694408, 7510185.910179824568331 ], [ 4262477.368542805314064, 7510185.910179824568331 ], [ 4262477.368542805314064, 7510188.458244019187987 ], [ 4262479.916606999002397, 7510188.458244019187987 ], [ 4262479.916606999002397, 7510191.00630821287632 ], [ 4262487.560799581930041, 7510191.00630821287632 ], [ 4262487.560799581930041, 7510193.554372407495975 ], [ 4262495.204992163926363, 7510193.554372407495975 ], [ 4262495.204992163926363, 7510196.102436601184309 ], [ 4262500.301120552234352, 7510196.102436601184309 ], [ 4262500.301120552234352, 7510198.650500795803964 ], [ 4262505.39724894054234, 7510198.650500795803964 ], [ 4262505.39724894054234, 7510201.198564989492297 ], [ 4262507.945313135161996, 7510201.198564989492297 ], [ 4262507.945313135161996, 7510203.746629184111953 ], [ 4262513.041441523469985, 7510203.746629184111953 ], [ 4262513.041441523469985, 7510201.198564989492297 ], [ 4262515.589505717158318, 7510201.198564989492297 ], [ 4262515.589505717158318, 7510198.650500795803964 ], [ 4262518.137569911777973, 7510198.650500795803964 ], [ 4262518.137569911777973, 7510193.554372407495975 ], [ 4262520.685634105466306, 7510193.554372407495975 ], [ 4262520.685634105466306, 7510191.00630821287632 ], [ 4262523.233698300085962, 7510191.00630821287632 ], [ 4262523.233698300085962, 7510188.458244019187987 ], [ 4262528.32982668839395, 7510188.458244019187987 ], [ 4262528.32982668839395, 7510185.910179824568331 ], [ 4262530.877890882082283, 7510185.910179824568331 ], [ 4262530.877890882082283, 7510183.362115630879998 ], [ 4262533.425955076701939, 7510183.362115630879998 ], [ 4262533.425955076701939, 7510180.814051436260343 ], [ 4262530.877890882082283, 7510180.814051436260343 ], [ 4262530.877890882082283, 7510178.26598724257201 ], [ 4262528.32982668839395, 7510178.26598724257201 ], [ 4262528.32982668839395, 7510175.717923047952354 ], [ 4262525.781762493774295, 7510175.717923047952354 ], [ 4262525.781762493774295, 7510173.169858854264021 ], [ 4262520.685634105466306, 7510173.169858854264021 ], [ 4262520.685634105466306, 7510170.621794659644365 ], [ 4262518.137569911777973, 7510170.621794659644365 ], [ 4262518.137569911777973, 7510165.525666271336377 ], [ 4262515.589505717158318, 7510165.525666271336377 ], [ 4262515.589505717158318, 7510160.429537883028388 ], [ 4262518.137569911777973, 7510160.429537883028388 ], [ 4262518.137569911777973, 7510157.881473689340055 ], [ 4262525.781762493774295, 7510157.881473689340055 ], [ 4262525.781762493774295, 7510160.429537883028388 ], [ 4262533.425955076701939, 7510160.429537883028388 ], [ 4262533.425955076701939, 7510170.621794659644365 ], [ 4262535.974019270390272, 7510170.621794659644365 ], [ 4262535.974019270390272, 7510173.169858854264021 ], [ 4262538.522083465009928, 7510173.169858854264021 ], [ 4262538.522083465009928, 7510175.717923047952354 ], [ 4262543.618211853317916, 7510175.717923047952354 ], [ 4262543.618211853317916, 7510180.814051436260343 ], [ 4262546.166276047006249, 7510180.814051436260343 ], [ 4262546.166276047006249, 7510183.362115630879998 ], [ 4262548.714340241625905, 7510183.362115630879998 ], [ 4262548.714340241625905, 7510188.458244019187987 ], [ 4262566.550789600238204, 7510188.458244019187987 ], [ 4262566.550789600238204, 7510185.910179824568331 ], [ 4262569.098853793926537, 7510185.910179824568331 ], [ 4262569.098853793926537, 7510180.814051436260343 ], [ 4262564.002725405618548, 7510180.814051436260343 ], [ 4262564.002725405618548, 7510178.26598724257201 ], [ 4262558.90659701731056, 7510178.26598724257201 ], [ 4262558.90659701731056, 7510175.717923047952354 ], [ 4262556.358532823622227, 7510175.717923047952354 ], [ 4262556.358532823622227, 7510170.621794659644365 ], [ 4262553.810468629933894, 7510170.621794659644365 ], [ 4262553.810468629933894, 7510168.073730465956032 ], [ 4262551.262404435314238, 7510168.073730465956032 ], [ 4262551.262404435314238, 7510165.525666271336377 ], [ 4262546.166276047006249, 7510165.525666271336377 ], [ 4262546.166276047006249, 7510160.429537883028388 ], [ 4262543.618211853317916, 7510160.429537883028388 ], [ 4262543.618211853317916, 7510157.881473689340055 ], [ 4262541.070147658698261, 7510157.881473689340055 ], [ 4262541.070147658698261, 7510155.333409494720399 ], [ 4262538.522083465009928, 7510155.333409494720399 ], [ 4262538.522083465009928, 7510152.785345301032066 ], [ 4262535.974019270390272, 7510152.785345301032066 ], [ 4262535.974019270390272, 7510137.4969601361081 ], [ 4262533.425955076701939, 7510137.4969601361081 ], [ 4262533.425955076701939, 7510127.304703359492123 ], [ 4262530.877890882082283, 7510127.304703359492123 ], [ 4262530.877890882082283, 7510122.208574971184134 ], [ 4262528.32982668839395, 7510122.208574971184134 ], [ 4262528.32982668839395, 7510119.660510776564479 ], [ 4262523.233698300085962, 7510119.660510776564479 ], [ 4262523.233698300085962, 7510117.112446582876146 ], [ 4262520.685634105466306, 7510117.112446582876146 ], [ 4262520.685634105466306, 7510114.56438238825649 ], [ 4262518.137569911777973, 7510114.56438238825649 ], [ 4262518.137569911777973, 7510112.016318194568157 ], [ 4262515.589505717158318, 7510112.016318194568157 ], [ 4262515.589505717158318, 7510106.920189806260169 ], [ 4262518.137569911777973, 7510106.920189806260169 ], [ 4262518.137569911777973, 7510104.372125611640513 ], [ 4262523.233698300085962, 7510104.372125611640513 ], [ 4262523.233698300085962, 7510106.920189806260169 ], [ 4262533.425955076701939, 7510106.920189806260169 ], [ 4262533.425955076701939, 7510109.468254 ], [ 4262535.974019270390272, 7510109.468254 ], [ 4262535.974019270390272, 7510114.56438238825649 ], [ 4262541.070147658698261, 7510114.56438238825649 ], [ 4262541.070147658698261, 7510117.112446582876146 ], [ 4262543.618211853317916, 7510117.112446582876146 ], [ 4262543.618211853317916, 7510114.56438238825649 ], [ 4262546.166276047006249, 7510114.56438238825649 ], [ 4262546.166276047006249, 7510109.468254 ], [ 4262543.618211853317916, 7510109.468254 ], [ 4262543.618211853317916, 7510104.372125611640513 ], [ 4262541.070147658698261, 7510104.372125611640513 ], [ 4262541.070147658698261, 7510091.631804641336203 ], [ 4262556.358532823622227, 7510091.631804641336203 ], [ 4262556.358532823622227, 7510094.179868835024536 ], [ 4262564.002725405618548, 7510094.179868835024536 ], [ 4262564.002725405618548, 7510096.727933029644191 ], [ 4262569.098853793926537, 7510096.727933029644191 ], [ 4262569.098853793926537, 7510099.275997223332524 ], [ 4262571.646917988546193, 7510099.275997223332524 ], [ 4262571.646917988546193, 7510104.372125611640513 ], [ 4262574.194982182234526, 7510104.372125611640513 ], [ 4262574.194982182234526, 7510109.468254 ], [ 4262576.743046376854181, 7510109.468254 ], [ 4262576.743046376854181, 7510119.660510776564479 ], [ 4262574.194982182234526, 7510119.660510776564479 ], [ 4262574.194982182234526, 7510122.208574971184134 ], [ 4262569.098853793926537, 7510122.208574971184134 ], [ 4262569.098853793926537, 7510119.660510776564479 ], [ 4262548.714340241625905, 7510119.660510776564479 ], [ 4262548.714340241625905, 7510124.756639164872468 ], [ 4262553.810468629933894, 7510124.756639164872468 ], [ 4262553.810468629933894, 7510127.304703359492123 ], [ 4262556.358532823622227, 7510127.304703359492123 ], [ 4262556.358532823622227, 7510129.852767553180456 ], [ 4262558.90659701731056, 7510129.852767553180456 ], [ 4262558.90659701731056, 7510134.948895941488445 ], [ 4262564.002725405618548, 7510134.948895941488445 ], [ 4262564.002725405618548, 7510137.4969601361081 ], [ 4262566.550789600238204, 7510137.4969601361081 ], [ 4262566.550789600238204, 7510142.593088524416089 ], [ 4262569.098853793926537, 7510142.593088524416089 ], [ 4262569.098853793926537, 7510145.141152718104422 ], [ 4262574.194982182234526, 7510145.141152718104422 ], [ 4262574.194982182234526, 7510147.689216912724078 ], [ 4262579.291110570542514, 7510147.689216912724078 ], [ 4262579.291110570542514, 7510150.237281106412411 ], [ 4262584.387238958850503, 7510150.237281106412411 ], [ 4262584.387238958850503, 7510152.785345301032066 ], [ 4262586.935303153470159, 7510152.785345301032066 ], [ 4262586.935303153470159, 7510155.333409494720399 ], [ 4262589.483367347158492, 7510155.333409494720399 ], [ 4262589.483367347158492, 7510157.881473689340055 ], [ 4262607.319816706702113, 7510157.881473689340055 ], [ 4262607.319816706702113, 7510155.333409494720399 ], [ 4262617.51207348331809, 7510155.333409494720399 ], [ 4262617.51207348331809, 7510152.785345301032066 ], [ 4262622.608201871626079, 7510152.785345301032066 ], [ 4262622.608201871626079, 7510150.237281106412411 ], [ 4262635.348522841930389, 7510150.237281106412411 ], [ 4262635.348522841930389, 7510152.785345301032066 ], [ 4262642.992715424858034, 7510152.785345301032066 ], [ 4262642.992715424858034, 7510155.333409494720399 ], [ 4262645.540779618546367, 7510155.333409494720399 ], [ 4262645.540779618546367, 7510152.785345301032066 ], [ 4262663.377228978089988, 7510152.785345301032066 ], [ 4262663.377228978089988, 7510155.333409494720399 ], [ 4262673.569485754705966, 7510155.333409494720399 ], [ 4262673.569485754705966, 7510157.881473689340055 ], [ 4262676.117549948394299, 7510157.881473689340055 ], [ 4262676.117549948394299, 7510160.429537883028388 ], [ 4262678.665614143013954, 7510160.429537883028388 ], [ 4262678.665614143013954, 7510162.977602077648044 ], [ 4262681.213678336702287, 7510162.977602077648044 ], [ 4262681.213678336702287, 7510168.073730465956032 ], [ 4262683.761742531321943, 7510168.073730465956032 ], [ 4262683.761742531321943, 7510170.621794659644365 ], [ 4262686.309806725010276, 7510170.621794659644365 ], [ 4262686.309806725010276, 7510173.169858854264021 ], [ 4262688.857870919629931, 7510173.169858854264021 ], [ 4262688.857870919629931, 7510180.814051436260343 ], [ 4262691.405935113318264, 7510180.814051436260343 ], [ 4262691.405935113318264, 7510185.910179824568331 ], [ 4262693.95399930793792, 7510185.910179824568331 ], [ 4262693.95399930793792, 7510191.00630821287632 ], [ 4262696.502063501626253, 7510191.00630821287632 ], [ 4262696.502063501626253, 7510193.554372407495975 ], [ 4262699.050127696245909, 7510193.554372407495975 ], [ 4262699.050127696245909, 7510196.102436601184309 ], [ 4262701.598191889934242, 7510196.102436601184309 ], [ 4262701.598191889934242, 7510201.198564989492297 ], [ 4262704.146256084553897, 7510201.198564989492297 ], [ 4262704.146256084553897, 7510203.746629184111953 ], [ 4262706.69432027824223, 7510203.746629184111953 ], [ 4262706.69432027824223, 7510208.842757572419941 ], [ 4262709.242384472861886, 7510208.842757572419941 ], [ 4262709.242384472861886, 7510211.390821766108274 ], [ 4262711.790448666550219, 7510211.390821766108274 ], [ 4262711.790448666550219, 7510249.611784678883851 ], [ 4262714.338512861169875, 7510249.611784678883851 ], [ 4262714.338512861169875, 7510259.804041455499828 ], [ 4262711.790448666550219, 7510259.804041455499828 ], [ 4262711.790448666550219, 7510267.44823403749615 ], [ 4262714.338512861169875, 7510267.44823403749615 ], [ 4262714.338512861169875, 7510269.996298232115805 ], [ 4262719.434641249477863, 7510269.996298232115805 ], [ 4262719.434641249477863, 7510272.544362425804138 ], [ 4262757.655604161322117, 7510272.544362425804138 ], [ 4262757.655604161322117, 7510269.996298232115805 ], [ 4262762.751732549630105, 7510269.996298232115805 ], [ 4262762.751732549630105, 7510267.44823403749615 ], [ 4262767.847860937938094, 7510267.44823403749615 ], [ 4262767.847860937938094, 7510264.900169843807817 ], [ 4262772.943989326246083, 7510264.900169843807817 ], [ 4262772.943989326246083, 7510262.352105649188161 ], [ 4262778.040117714554071, 7510262.352105649188161 ], [ 4262778.040117714554071, 7510259.804041455499828 ], [ 4262780.588181909173727, 7510259.804041455499828 ], [ 4262780.588181909173727, 7510257.255977260880172 ], [ 4262785.684310297481716, 7510257.255977260880172 ], [ 4262785.684310297481716, 7510254.707913067191839 ], [ 4262790.780438685789704, 7510254.707913067191839 ], [ 4262790.780438685789704, 7510252.159848872572184 ], [ 4262839.193658374249935, 7510252.159848872572184 ], [ 4262839.193658374249935, 7510249.611784678883851 ], [ 4262844.289786762557924, 7510249.611784678883851 ], [ 4262844.289786762557924, 7510247.063720484264195 ], [ 4262846.837850956246257, 7510247.063720484264195 ], [ 4262846.837850956246257, 7510244.515656290575862 ], [ 4262849.385915150865912, 7510244.515656290575862 ], [ 4262849.385915150865912, 7510241.967592095956206 ], [ 4262854.482043539173901, 7510241.967592095956206 ], [ 4262854.482043539173901, 7510239.419527902267873 ], [ 4262859.57817192748189, 7510239.419527902267873 ], [ 4262859.57817192748189, 7510236.871463707648218 ], [ 4262864.674300315789878, 7510236.871463707648218 ], [ 4262864.674300315789878, 7510234.323399513959885 ], [ 4262869.770428704097867, 7510234.323399513959885 ], [ 4262869.770428704097867, 7510231.775335319340229 ], [ 4262879.962685480713844, 7510231.775335319340229 ], [ 4262879.962685480713844, 7510229.227271125651896 ], [ 4262885.058813869021833, 7510229.227271125651896 ], [ 4262885.058813869021833, 7510226.67920693103224 ], [ 4262887.606878062710166, 7510226.67920693103224 ], [ 4262887.606878062710166, 7510224.131142737343907 ], [ 4262890.154942257329822, 7510224.131142737343907 ], [ 4262890.154942257329822, 7510221.583078542724252 ], [ 4262895.25107064563781, 7510221.583078542724252 ], [ 4262895.25107064563781, 7510219.035014349035919 ], [ 4262897.799134839326143, 7510219.035014349035919 ], [ 4262897.799134839326143, 7510216.486950154416263 ], [ 4262902.895263227634132, 7510216.486950154416263 ], [ 4262902.895263227634132, 7510213.93888596072793 ], [ 4262905.443327422253788, 7510213.93888596072793 ], [ 4262905.443327422253788, 7510211.390821766108274 ], [ 4262907.991391615942121, 7510211.390821766108274 ], [ 4262907.991391615942121, 7510208.842757572419941 ], [ 4262910.539455810561776, 7510208.842757572419941 ], [ 4262910.539455810561776, 7510206.294693377800286 ], [ 4262913.087520004250109, 7510206.294693377800286 ], [ 4262913.087520004250109, 7510201.198564989492297 ], [ 4262915.635584198869765, 7510201.198564989492297 ], [ 4262915.635584198869765, 7510191.00630821287632 ], [ 4262918.183648392558098, 7510191.00630821287632 ], [ 4262918.183648392558098, 7510188.458244019187987 ], [ 4262920.731712587177753, 7510188.458244019187987 ], [ 4262920.731712587177753, 7510191.00630821287632 ], [ 4262958.952675499022007, 7510191.00630821287632 ], [ 4262958.952675499022007, 7510188.458244019187987 ], [ 4262966.596868081949651, 7510188.458244019187987 ], [ 4262966.596868081949651, 7510185.910179824568331 ], [ 4262969.144932275637984, 7510185.910179824568331 ], [ 4262969.144932275637984, 7510180.814051436260343 ], [ 4262971.69299647025764, 7510180.814051436260343 ], [ 4262971.69299647025764, 7510175.717923047952354 ], [ 4262976.789124858565629, 7510175.717923047952354 ], [ 4262976.789124858565629, 7510173.169858854264021 ], [ 4262984.43331744056195, 7510173.169858854264021 ], [ 4262984.43331744056195, 7510170.621794659644365 ], [ 4262989.529445828869939, 7510170.621794659644365 ], [ 4262989.529445828869939, 7510168.073730465956032 ], [ 4262997.173638411797583, 7510168.073730465956032 ], [ 4262997.173638411797583, 7510165.525666271336377 ], [ 4263002.269766800105572, 7510165.525666271336377 ], [ 4263002.269766800105572, 7510162.977602077648044 ], [ 4263007.36589518841356, 7510162.977602077648044 ], [ 4263007.36589518841356, 7510160.429537883028388 ], [ 4263012.462023576721549, 7510160.429537883028388 ], [ 4263012.462023576721549, 7510162.977602077648044 ], [ 4263017.558151965029538, 7510162.977602077648044 ], [ 4263017.558151965029538, 7510165.525666271336377 ], [ 4263022.654280353337526, 7510165.525666271336377 ], [ 4263022.654280353337526, 7510170.621794659644365 ], [ 4263025.202344547025859, 7510170.621794659644365 ], [ 4263025.202344547025859, 7510175.717923047952354 ], [ 4263022.654280353337526, 7510175.717923047952354 ], [ 4263022.654280353337526, 7510180.814051436260343 ], [ 4263020.106216158717871, 7510180.814051436260343 ], [ 4263020.106216158717871, 7510183.362115630879998 ], [ 4263017.558151965029538, 7510183.362115630879998 ], [ 4263017.558151965029538, 7510188.458244019187987 ], [ 4263015.010087770409882, 7510188.458244019187987 ], [ 4263015.010087770409882, 7510193.554372407495975 ], [ 4263012.462023576721549, 7510193.554372407495975 ], [ 4263012.462023576721549, 7510196.102436601184309 ], [ 4263009.913959382101893, 7510196.102436601184309 ], [ 4263009.913959382101893, 7510198.650500795803964 ], [ 4263007.36589518841356, 7510198.650500795803964 ], [ 4263007.36589518841356, 7510201.198564989492297 ], [ 4263004.817830993793905, 7510201.198564989492297 ], [ 4263004.817830993793905, 7510203.746629184111953 ], [ 4262999.721702605485916, 7510203.746629184111953 ], [ 4262999.721702605485916, 7510206.294693377800286 ], [ 4262992.077510023489594, 7510206.294693377800286 ], [ 4262992.077510023489594, 7510208.842757572419941 ], [ 4262984.43331744056195, 7510208.842757572419941 ], [ 4262984.43331744056195, 7510211.390821766108274 ], [ 4262979.337189052253962, 7510211.390821766108274 ], [ 4262979.337189052253962, 7510213.93888596072793 ], [ 4262976.789124858565629, 7510213.93888596072793 ], [ 4262976.789124858565629, 7510216.486950154416263 ], [ 4262974.241060663945973, 7510216.486950154416263 ], [ 4262974.241060663945973, 7510219.035014349035919 ], [ 4262971.69299647025764, 7510219.035014349035919 ], [ 4262971.69299647025764, 7510221.583078542724252 ], [ 4262969.144932275637984, 7510221.583078542724252 ], [ 4262969.144932275637984, 7510224.131142737343907 ], [ 4262966.596868081949651, 7510224.131142737343907 ], [ 4262966.596868081949651, 7510226.67920693103224 ], [ 4262964.048803887329996, 7510226.67920693103224 ], [ 4262964.048803887329996, 7510229.227271125651896 ], [ 4262961.500739693641663, 7510229.227271125651896 ], [ 4262961.500739693641663, 7510234.323399513959885 ], [ 4262958.952675499022007, 7510234.323399513959885 ], [ 4262958.952675499022007, 7510236.871463707648218 ], [ 4262956.404611305333674, 7510236.871463707648218 ], [ 4262956.404611305333674, 7510239.419527902267873 ], [ 4262951.308482917025685, 7510239.419527902267873 ], [ 4262951.308482917025685, 7510241.967592095956206 ], [ 4262943.664290334098041, 7510241.967592095956206 ], [ 4262943.664290334098041, 7510244.515656290575862 ], [ 4262936.020097752101719, 7510244.515656290575862 ], [ 4262936.020097752101719, 7510247.063720484264195 ], [ 4262930.923969363793731, 7510247.063720484264195 ], [ 4262930.923969363793731, 7510249.611784678883851 ], [ 4262925.827840975485742, 7510249.611784678883851 ], [ 4262925.827840975485742, 7510252.159848872572184 ], [ 4262923.279776780866086, 7510252.159848872572184 ], [ 4262923.279776780866086, 7510254.707913067191839 ], [ 4262920.731712587177753, 7510254.707913067191839 ], [ 4262920.731712587177753, 7510257.255977260880172 ], [ 4262918.183648392558098, 7510257.255977260880172 ], [ 4262918.183648392558098, 7510262.352105649188161 ], [ 4262915.635584198869765, 7510262.352105649188161 ], [ 4262915.635584198869765, 7510264.900169843807817 ], [ 4262913.087520004250109, 7510264.900169843807817 ], [ 4262913.087520004250109, 7510267.44823403749615 ], [ 4262910.539455810561776, 7510267.44823403749615 ], [ 4262910.539455810561776, 7510269.996298232115805 ], [ 4262907.991391615942121, 7510269.996298232115805 ], [ 4262907.991391615942121, 7510272.544362425804138 ], [ 4262900.347199033945799, 7510272.544362425804138 ], [ 4262900.347199033945799, 7510275.092426620423794 ], [ 4262890.154942257329822, 7510275.092426620423794 ], [ 4262890.154942257329822, 7510277.640490814112127 ], [ 4262872.3184928977862, 7510277.640490814112127 ], [ 4262872.3184928977862, 7510280.188555008731782 ], [ 4262864.674300315789878, 7510280.188555008731782 ], [ 4262864.674300315789878, 7510282.736619202420115 ], [ 4262857.030107732862234, 7510282.736619202420115 ], [ 4262857.030107732862234, 7510285.284683397039771 ], [ 4262851.933979344554245, 7510285.284683397039771 ], [ 4262851.933979344554245, 7510287.832747590728104 ], [ 4262846.837850956246257, 7510287.832747590728104 ], [ 4262846.837850956246257, 7510290.38081178534776 ], [ 4262841.741722567938268, 7510290.38081178534776 ], [ 4262841.741722567938268, 7510292.928875979036093 ], [ 4262839.193658374249935, 7510292.928875979036093 ], [ 4262839.193658374249935, 7510295.476940173655748 ], [ 4262834.097529985941947, 7510295.476940173655748 ], [ 4262834.097529985941947, 7510298.025004367344081 ], [ 4262831.549465791322291, 7510298.025004367344081 ], [ 4262831.549465791322291, 7510300.573068561963737 ], [ 4262829.001401597633958, 7510300.573068561963737 ], [ 4262829.001401597633958, 7510303.12113275565207 ], [ 4262826.453337403014302, 7510303.12113275565207 ], [ 4262826.453337403014302, 7510308.217261143960059 ], [ 4262823.905273209325969, 7510308.217261143960059 ], [ 4262823.905273209325969, 7510320.957582114264369 ], [ 4262826.453337403014302, 7510320.957582114264369 ], [ 4262826.453337403014302, 7510326.053710502572358 ], [ 4262823.905273209325969, 7510326.053710502572358 ], [ 4262823.905273209325969, 7510328.601774697192013 ], [ 4262818.809144821017981, 7510328.601774697192013 ], [ 4262818.809144821017981, 7510331.149838890880346 ], [ 4262816.261080627329648, 7510331.149838890880346 ], [ 4262816.261080627329648, 7510333.697903085500002 ], [ 4262811.164952239021659, 7510333.697903085500002 ], [ 4262811.164952239021659, 7510336.245967279188335 ], [ 4262808.616888044402003, 7510336.245967279188335 ], [ 4262808.616888044402003, 7510338.794031473807991 ], [ 4262803.520759656094015, 7510338.794031473807991 ], [ 4262803.520759656094015, 7510341.342095667496324 ], [ 4262800.972695462405682, 7510341.342095667496324 ], [ 4262800.972695462405682, 7510343.890159862115979 ], [ 4262798.424631267786026, 7510343.890159862115979 ], [ 4262798.424631267786026, 7510346.438224055804312 ], [ 4262790.780438685789704, 7510346.438224055804312 ], [ 4262790.780438685789704, 7510348.986288250423968 ], [ 4262785.684310297481716, 7510348.986288250423968 ], [ 4262785.684310297481716, 7510351.534352444112301 ], [ 4262780.588181909173727, 7510351.534352444112301 ], [ 4262780.588181909173727, 7510354.082416638731956 ], [ 4262772.943989326246083, 7510354.082416638731956 ], [ 4262772.943989326246083, 7510356.63048083242029 ], [ 4262770.39592513255775, 7510356.63048083242029 ], [ 4262770.39592513255775, 7510359.178545027039945 ], [ 4262765.299796744249761, 7510359.178545027039945 ], [ 4262765.299796744249761, 7510361.726609220728278 ], [ 4262760.203668355941772, 7510361.726609220728278 ], [ 4262760.203668355941772, 7510364.274673415347934 ], [ 4262757.655604161322117, 7510364.274673415347934 ], [ 4262757.655604161322117, 7510366.822737609036267 ], [ 4262752.559475773014128, 7510366.822737609036267 ], [ 4262752.559475773014128, 7510369.370801803655922 ], [ 4262747.46334738470614, 7510369.370801803655922 ], [ 4262747.46334738470614, 7510371.918865997344255 ], [ 4262739.819154802709818, 7510371.918865997344255 ], [ 4262739.819154802709818, 7510374.466930191963911 ], [ 4262727.078833831474185, 7510374.466930191963911 ], [ 4262727.078833831474185, 7510377.014994385652244 ], [ 4262721.982705443166196, 7510377.014994385652244 ], [ 4262721.982705443166196, 7510379.5630585802719 ], [ 4262714.338512861169875, 7510379.5630585802719 ], [ 4262714.338512861169875, 7510382.111122773960233 ], [ 4262704.146256084553897, 7510382.111122773960233 ], [ 4262704.146256084553897, 7510384.659186968579888 ], [ 4262683.761742531321943, 7510384.659186968579888 ], [ 4262683.761742531321943, 7510387.207251162268221 ], [ 4262681.213678336702287, 7510387.207251162268221 ], [ 4262681.213678336702287, 7510384.659186968579888 ], [ 4262673.569485754705966, 7510384.659186968579888 ], [ 4262673.569485754705966, 7510387.207251162268221 ], [ 4262668.473357366397977, 7510387.207251162268221 ], [ 4262668.473357366397977, 7510389.755315356887877 ], [ 4262663.377228978089988, 7510389.755315356887877 ], [ 4262663.377228978089988, 7510392.30337955057621 ], [ 4262660.829164783470333, 7510392.30337955057621 ], [ 4262660.829164783470333, 7510394.851443745195866 ], [ 4262658.281100589782, 7510394.851443745195866 ], [ 4262658.281100589782, 7510397.399507938884199 ], [ 4262655.733036395162344, 7510397.399507938884199 ], [ 4262655.733036395162344, 7510402.495636327192187 ], [ 4262650.636908006854355, 7510402.495636327192187 ], [ 4262650.636908006854355, 7510405.043700521811843 ], [ 4262640.444651230238378, 7510405.043700521811843 ], [ 4262640.444651230238378, 7510407.591764715500176 ], [ 4262632.800458648242056, 7510407.591764715500176 ], [ 4262632.800458648242056, 7510410.139828910119832 ], [ 4262625.156266065314412, 7510410.139828910119832 ], [ 4262625.156266065314412, 7510412.687893103808165 ], [ 4262614.964009288698435, 7510412.687893103808165 ], [ 4262614.964009288698435, 7510415.23595729842782 ], [ 4262607.319816706702113, 7510415.23595729842782 ], [ 4262607.319816706702113, 7510412.687893103808165 ], [ 4262602.223688318394125, 7510412.687893103808165 ], [ 4262602.223688318394125, 7510415.23595729842782 ], [ 4262597.127559930086136, 7510415.23595729842782 ], [ 4262597.127559930086136, 7510417.784021492116153 ], [ 4262589.483367347158492, 7510417.784021492116153 ], [ 4262589.483367347158492, 7510420.332085686735809 ], [ 4262571.646917988546193, 7510420.332085686735809 ], [ 4262571.646917988546193, 7510422.880149880424142 ], [ 4262564.002725405618548, 7510422.880149880424142 ], [ 4262564.002725405618548, 7510425.428214075043797 ], [ 4262556.358532823622227, 7510425.428214075043797 ], [ 4262556.358532823622227, 7510422.880149880424142 ], [ 4262543.618211853317916, 7510422.880149880424142 ], [ 4262543.618211853317916, 7510425.428214075043797 ], [ 4262533.425955076701939, 7510425.428214075043797 ], [ 4262533.425955076701939, 7510427.976278268732131 ], [ 4262528.32982668839395, 7510427.976278268732131 ], [ 4262528.32982668839395, 7510430.524342463351786 ], [ 4262525.781762493774295, 7510430.524342463351786 ], [ 4262525.781762493774295, 7510433.072406657040119 ], [ 4262520.685634105466306, 7510433.072406657040119 ], [ 4262520.685634105466306, 7510435.620470851659775 ], [ 4262518.137569911777973, 7510435.620470851659775 ], [ 4262518.137569911777973, 7510438.168535045348108 ], [ 4262513.041441523469985, 7510438.168535045348108 ], [ 4262513.041441523469985, 7510440.716599239967763 ], [ 4262510.493377328850329, 7510440.716599239967763 ], [ 4262510.493377328850329, 7510443.264663433656096 ], [ 4262505.39724894054234, 7510443.264663433656096 ], [ 4262505.39724894054234, 7510445.812727628275752 ], [ 4262464.628221834078431, 7510445.812727628275752 ], [ 4262464.628221834078431, 7510443.264663433656096 ], [ 4262462.080157640390098, 7510443.264663433656096 ], [ 4262462.080157640390098, 7510440.716599239967763 ], [ 4262459.532093445770442, 7510440.716599239967763 ], [ 4262459.532093445770442, 7510438.168535045348108 ], [ 4262462.080157640390098, 7510438.168535045348108 ], [ 4262462.080157640390098, 7510433.072406657040119 ], [ 4262464.628221834078431, 7510433.072406657040119 ], [ 4262464.628221834078431, 7510430.524342463351786 ], [ 4262467.176286028698087, 7510430.524342463351786 ], [ 4262467.176286028698087, 7510427.976278268732131 ], [ 4262469.72435022238642, 7510427.976278268732131 ], [ 4262469.72435022238642, 7510425.428214075043797 ], [ 4262474.820478610694408, 7510425.428214075043797 ], [ 4262474.820478610694408, 7510422.880149880424142 ], [ 4262477.368542805314064, 7510422.880149880424142 ], [ 4262477.368542805314064, 7510420.332085686735809 ], [ 4262482.464671193622053, 7510420.332085686735809 ], [ 4262482.464671193622053, 7510417.784021492116153 ], [ 4262485.012735387310386, 7510417.784021492116153 ], [ 4262485.012735387310386, 7510415.23595729842782 ], [ 4262490.108863775618374, 7510415.23595729842782 ], [ 4262490.108863775618374, 7510412.687893103808165 ], [ 4262492.65692797023803, 7510412.687893103808165 ], [ 4262492.65692797023803, 7510410.139828910119832 ], [ 4262497.753056358546019, 7510410.139828910119832 ], [ 4262497.753056358546019, 7510407.591764715500176 ], [ 4262502.849184746854007, 7510407.591764715500176 ], [ 4262502.849184746854007, 7510405.043700521811843 ], [ 4262507.945313135161996, 7510405.043700521811843 ], [ 4262507.945313135161996, 7510402.495636327192187 ], [ 4262513.041441523469985, 7510402.495636327192187 ], [ 4262513.041441523469985, 7510399.947572133503854 ], [ 4262518.137569911777973, 7510399.947572133503854 ], [ 4262518.137569911777973, 7510397.399507938884199 ], [ 4262523.233698300085962, 7510397.399507938884199 ], [ 4262523.233698300085962, 7510394.851443745195866 ], [ 4262528.32982668839395, 7510394.851443745195866 ], [ 4262528.32982668839395, 7510392.30337955057621 ], [ 4262533.425955076701939, 7510392.30337955057621 ], [ 4262533.425955076701939, 7510389.755315356887877 ], [ 4262538.522083465009928, 7510389.755315356887877 ], [ 4262538.522083465009928, 7510387.207251162268221 ], [ 4262546.166276047006249, 7510387.207251162268221 ], [ 4262546.166276047006249, 7510384.659186968579888 ], [ 4262551.262404435314238, 7510384.659186968579888 ], [ 4262551.262404435314238, 7510382.111122773960233 ], [ 4262553.810468629933894, 7510382.111122773960233 ], [ 4262553.810468629933894, 7510377.014994385652244 ], [ 4262525.781762493774295, 7510377.014994385652244 ], [ 4262525.781762493774295, 7510374.466930191963911 ], [ 4262513.041441523469985, 7510374.466930191963911 ], [ 4262513.041441523469985, 7510377.014994385652244 ], [ 4262507.945313135161996, 7510377.014994385652244 ], [ 4262507.945313135161996, 7510374.466930191963911 ], [ 4262490.108863775618374, 7510374.466930191963911 ], [ 4262490.108863775618374, 7510371.918865997344255 ], [ 4262487.560799581930041, 7510371.918865997344255 ], [ 4262487.560799581930041, 7510374.466930191963911 ], [ 4262467.176286028698087, 7510374.466930191963911 ], [ 4262467.176286028698087, 7510371.918865997344255 ], [ 4262462.080157640390098, 7510371.918865997344255 ], [ 4262462.080157640390098, 7510369.370801803655922 ], [ 4262449.339836669154465, 7510369.370801803655922 ], [ 4262449.339836669154465, 7510366.822737609036267 ], [ 4262441.695644087158144, 7510366.822737609036267 ], [ 4262441.695644087158144, 7510364.274673415347934 ], [ 4262436.599515698850155, 7510364.274673415347934 ], [ 4262436.599515698850155, 7510361.726609220728278 ], [ 4262431.503387310542166, 7510361.726609220728278 ], [ 4262431.503387310542166, 7510359.178545027039945 ], [ 4262418.763066339306533, 7510359.178545027039945 ], [ 4262418.763066339306533, 7510361.726609220728278 ], [ 4262416.2150021456182, 7510361.726609220728278 ], [ 4262416.2150021456182, 7510364.274673415347934 ], [ 4262413.666937950998545, 7510364.274673415347934 ], [ 4262413.666937950998545, 7510369.370801803655922 ], [ 4262411.118873757310212, 7510369.370801803655922 ], [ 4262411.118873757310212, 7510374.466930191963911 ], [ 4262408.570809562690556, 7510374.466930191963911 ], [ 4262408.570809562690556, 7510379.5630585802719 ], [ 4262406.022745369002223, 7510379.5630585802719 ], [ 4262406.022745369002223, 7510382.111122773960233 ], [ 4262403.474681174382567, 7510382.111122773960233 ], [ 4262403.474681174382567, 7510387.207251162268221 ], [ 4262400.926616980694234, 7510387.207251162268221 ], [ 4262400.926616980694234, 7510389.755315356887877 ], [ 4262398.378552786074579, 7510389.755315356887877 ], [ 4262398.378552786074579, 7510392.30337955057621 ], [ 4262395.830488592386246, 7510392.30337955057621 ], [ 4262395.830488592386246, 7510394.851443745195866 ], [ 4262393.28242439776659, 7510394.851443745195866 ], [ 4262393.28242439776659, 7510399.947572133503854 ], [ 4262390.734360204078257, 7510399.947572133503854 ], [ 4262390.734360204078257, 7510402.495636327192187 ], [ 4262388.186296009458601, 7510402.495636327192187 ], [ 4262388.186296009458601, 7510405.043700521811843 ], [ 4262385.638231815770268, 7510405.043700521811843 ], [ 4262385.638231815770268, 7510407.591764715500176 ], [ 4262383.090167621150613, 7510407.591764715500176 ], [ 4262383.090167621150613, 7510410.139828910119832 ], [ 4262380.54210342746228, 7510410.139828910119832 ], [ 4262380.54210342746228, 7510415.23595729842782 ], [ 4262377.994039232842624, 7510415.23595729842782 ], [ 4262377.994039232842624, 7510417.784021492116153 ], [ 4262375.445975039154291, 7510417.784021492116153 ], [ 4262375.445975039154291, 7510422.880149880424142 ], [ 4262372.897910844534636, 7510422.880149880424142 ], [ 4262372.897910844534636, 7510425.428214075043797 ], [ 4262370.349846650846303, 7510425.428214075043797 ], [ 4262370.349846650846303, 7510430.524342463351786 ], [ 4262367.801782456226647, 7510430.524342463351786 ], [ 4262367.801782456226647, 7510438.168535045348108 ], [ 4262365.253718262538314, 7510438.168535045348108 ], [ 4262365.253718262538314, 7510440.716599239967763 ], [ 4262362.705654067918658, 7510440.716599239967763 ], [ 4262362.705654067918658, 7510443.264663433656096 ], [ 4262360.157589874230325, 7510443.264663433656096 ], [ 4262360.157589874230325, 7510445.812727628275752 ], [ 4262357.60952567961067, 7510445.812727628275752 ], [ 4262357.60952567961067, 7510448.360791821964085 ], [ 4262355.061461485922337, 7510448.360791821964085 ], [ 4262355.061461485922337, 7510450.908856016583741 ], [ 4262352.513397291302681, 7510450.908856016583741 ], [ 4262352.513397291302681, 7510453.456920210272074 ], [ 4262349.965333097614348, 7510453.456920210272074 ], [ 4262349.965333097614348, 7510456.004984404891729 ], [ 4262339.773076320998371, 7510456.004984404891729 ], [ 4262339.773076320998371, 7510458.553048598580062 ], [ 4262337.225012126378715, 7510458.553048598580062 ], [ 4262337.225012126378715, 7510456.004984404891729 ], [ 4262329.580819544382393, 7510456.004984404891729 ], [ 4262329.580819544382393, 7510453.456920210272074 ], [ 4262324.484691156074405, 7510453.456920210272074 ], [ 4262324.484691156074405, 7510450.908856016583741 ], [ 4262319.388562767766416, 7510450.908856016583741 ], [ 4262319.388562767766416, 7510448.360791821964085 ], [ 4262309.196305991150439, 7510448.360791821964085 ], [ 4262309.196305991150439, 7510445.812727628275752 ], [ 4262276.071471467614174, 7510445.812727628275752 ], [ 4262276.071471467614174, 7510448.360791821964085 ], [ 4262268.42727888468653, 7510448.360791821964085 ], [ 4262268.42727888468653, 7510450.908856016583741 ], [ 4262250.590829526074231, 7510450.908856016583741 ], [ 4262250.590829526074231, 7510448.360791821964085 ], [ 4262237.850508554838598, 7510448.360791821964085 ], [ 4262237.850508554838598, 7510445.812727628275752 ], [ 4262222.562123389914632, 7510445.812727628275752 ], [ 4262222.562123389914632, 7510443.264663433656096 ], [ 4262171.600839506834745, 7510443.264663433656096 ], [ 4262171.600839506834745, 7510440.716599239967763 ], [ 4262158.860518536530435, 7510440.716599239967763 ], [ 4262158.860518536530435, 7510438.168535045348108 ], [ 4262130.831812400370836, 7510438.168535045348108 ], [ 4262130.831812400370836, 7510440.716599239967763 ], [ 4262123.187619818374515, 7510440.716599239967763 ], [ 4262123.187619818374515, 7510443.264663433656096 ], [ 4262112.995363041758537, 7510443.264663433656096 ], [ 4262112.995363041758537, 7510445.812727628275752 ], [ 4262105.351170458830893, 7510445.812727628275752 ], [ 4262105.351170458830893, 7510448.360791821964085 ], [ 4262100.255042070522904, 7510448.360791821964085 ], [ 4262100.255042070522904, 7510450.908856016583741 ], [ 4262092.610849488526583, 7510450.908856016583741 ], [ 4262092.610849488526583, 7510453.456920210272074 ], [ 4262087.514721100218594, 7510453.456920210272074 ], [ 4262087.514721100218594, 7510456.004984404891729 ], [ 4262084.966656905598938, 7510456.004984404891729 ], [ 4262084.966656905598938, 7510458.553048598580062 ], [ 4262079.87052851729095, 7510458.553048598580062 ], [ 4262079.87052851729095, 7510461.101112793199718 ], [ 4262074.774400128982961, 7510461.101112793199718 ], [ 4262074.774400128982961, 7510463.649176986888051 ], [ 4262072.226335935294628, 7510463.649176986888051 ], [ 4262072.226335935294628, 7510466.197241181507707 ], [ 4262067.130207546986639, 7510466.197241181507707 ], [ 4262067.130207546986639, 7510468.74530537519604 ], [ 4262064.582143352366984, 7510468.74530537519604 ], [ 4262064.582143352366984, 7510471.293369569815695 ], [ 4262059.486014964058995, 7510471.293369569815695 ], [ 4262059.486014964058995, 7510473.841433763504028 ], [ 4262054.389886575751007, 7510473.841433763504028 ], [ 4262054.389886575751007, 7510476.389497958123684 ], [ 4262021.265052052214742, 7510476.389497958123684 ], [ 4262021.265052052214742, 7510478.937562151812017 ], [ 4262003.428602693602443, 7510478.937562151812017 ], [ 4262003.428602693602443, 7510481.485626346431673 ], [ 4261924.438612674362957, 7510481.485626346431673 ], [ 4261924.438612674362957, 7510484.033690540120006 ], [ 4261898.957970732823014, 7510484.033690540120006 ], [ 4261898.957970732823014, 7510486.581754734739661 ], [ 4261858.188943626359105, 7510486.581754734739661 ], [ 4261858.188943626359105, 7510489.129818928427994 ], [ 4261822.516044908203185, 7510489.129818928427994 ], [ 4261822.516044908203185, 7510491.67788312304765 ], [ 4261786.843146190047264, 7510491.67788312304765 ], [ 4261786.843146190047264, 7510494.225947316735983 ], [ 4261769.006696831434965, 7510494.225947316735983 ], [ 4261769.006696831434965, 7510496.774011511355639 ], [ 4261758.814440054818988, 7510496.774011511355639 ], [ 4261758.814440054818988, 7510499.322075705043972 ], [ 4261748.622183278203011, 7510499.322075705043972 ], [ 4261748.622183278203011, 7510501.870139899663627 ], [ 4261740.977990696206689, 7510501.870139899663627 ], [ 4261740.977990696206689, 7510504.41820409335196 ], [ 4261735.8818623078987, 7510504.41820409335196 ], [ 4261735.8818623078987, 7510506.966268287971616 ], [ 4261723.141541336663067, 7510506.966268287971616 ], [ 4261723.141541336663067, 7510509.514332481659949 ], [ 4261707.853156171739101, 7510509.514332481659949 ], [ 4261707.853156171739101, 7510512.062396676279604 ], [ 4261695.112835201434791, 7510512.062396676279604 ], [ 4261695.112835201434791, 7510514.610460869967937 ], [ 4261687.468642618507147, 7510514.610460869967937 ], [ 4261687.468642618507147, 7510517.158525064587593 ], [ 4261679.824450036510825, 7510517.158525064587593 ], [ 4261679.824450036510825, 7510519.706589258275926 ], [ 4261677.27638584189117, 7510519.706589258275926 ], [ 4261677.27638584189117, 7510522.254653452895582 ], [ 4261674.728321648202837, 7510522.254653452895582 ], [ 4261674.728321648202837, 7510524.802717646583915 ], [ 4261672.180257453583181, 7510524.802717646583915 ], [ 4261672.180257453583181, 7510527.35078184120357 ], [ 4261669.632193259894848, 7510527.35078184120357 ], [ 4261669.632193259894848, 7510529.898846034891903 ], [ 4261667.084129065275192, 7510529.898846034891903 ], [ 4261667.084129065275192, 7510532.446910229511559 ], [ 4261664.536064871586859, 7510532.446910229511559 ], [ 4261664.536064871586859, 7510534.994974423199892 ], [ 4261661.988000676967204, 7510534.994974423199892 ], [ 4261661.988000676967204, 7510537.543038617819548 ], [ 4261659.439936483278871, 7510537.543038617819548 ], [ 4261659.439936483278871, 7510540.091102811507881 ], [ 4261656.891872288659215, 7510540.091102811507881 ], [ 4261656.891872288659215, 7510545.187231199815869 ], [ 4261654.343808094970882, 7510545.187231199815869 ], [ 4261654.343808094970882, 7510547.735295394435525 ], [ 4261651.795743900351226, 7510547.735295394435525 ], [ 4261651.795743900351226, 7510560.475616364739835 ], [ 4261649.247679706662893, 7510560.475616364739835 ], [ 4261649.247679706662893, 7510575.764001529663801 ], [ 4261646.699615512043238, 7510575.764001529663801 ], [ 4261646.699615512043238, 7510583.408194111660123 ], [ 4261644.151551318354905, 7510583.408194111660123 ], [ 4261644.151551318354905, 7510585.956258306279778 ], [ 4261641.603487123735249, 7510585.956258306279778 ], [ 4261641.603487123735249, 7510588.504322499968112 ], [ 4261639.055422930046916, 7510588.504322499968112 ], [ 4261639.055422930046916, 7510591.052386694587767 ], [ 4261636.50735873542726, 7510591.052386694587767 ], [ 4261636.50735873542726, 7510596.148515082895756 ], [ 4261633.959294541738927, 7510596.148515082895756 ], [ 4261633.959294541738927, 7510598.696579276584089 ], [ 4261631.411230347119272, 7510598.696579276584089 ], [ 4261631.411230347119272, 7510603.792707664892077 ], [ 4261628.863166153430939, 7510603.792707664892077 ], [ 4261628.863166153430939, 7510606.340771859511733 ], [ 4261626.315101958811283, 7510606.340771859511733 ], [ 4261626.315101958811283, 7510611.436900247819722 ], [ 4261623.76703776512295, 7510611.436900247819722 ], [ 4261623.76703776512295, 7510613.984964441508055 ], [ 4261621.218973570503294, 7510613.984964441508055 ], [ 4261621.218973570503294, 7510616.53302863612771 ], [ 4261618.670909376814961, 7510616.53302863612771 ], [ 4261618.670909376814961, 7510621.629157024435699 ], [ 4261616.122845182195306, 7510621.629157024435699 ], [ 4261616.122845182195306, 7510626.725285412743688 ], [ 4261613.574780988506973, 7510626.725285412743688 ], [ 4261613.574780988506973, 7510631.821413801051676 ], [ 4261611.026716793887317, 7510631.821413801051676 ], [ 4261611.026716793887317, 7510636.917542189359665 ], [ 4261608.478652600198984, 7510636.917542189359665 ], [ 4261608.478652600198984, 7510642.013670577667654 ], [ 4261605.930588405579329, 7510642.013670577667654 ], [ 4261605.930588405579329, 7510647.109798965975642 ], [ 4261598.286395823583007, 7510647.109798965975642 ], [ 4261598.286395823583007, 7510649.657863159663975 ], [ 4261595.738331628963351, 7510649.657863159663975 ], [ 4261595.738331628963351, 7510652.205927354283631 ], [ 4261593.190267435275018, 7510652.205927354283631 ], [ 4261593.190267435275018, 7510654.753991547971964 ], [ 4261590.642203240655363, 7510654.753991547971964 ], [ 4261590.642203240655363, 7510657.302055742591619 ], [ 4261588.09413904696703, 7510657.302055742591619 ], [ 4261588.09413904696703, 7510659.850119936279953 ], [ 4261585.546074852347374, 7510659.850119936279953 ], [ 4261585.546074852347374, 7510667.494312519207597 ], [ 4261582.998010658659041, 7510667.494312519207597 ], [ 4261582.998010658659041, 7510672.590440907515585 ], [ 4261580.449946464039385, 7510672.590440907515585 ], [ 4261580.449946464039385, 7510677.686569295823574 ], [ 4261577.901882270351052, 7510677.686569295823574 ], [ 4261577.901882270351052, 7510680.234633489511907 ], [ 4261575.353818075731397, 7510680.234633489511907 ], [ 4261575.353818075731397, 7510682.782697684131563 ], [ 4261572.805753882043064, 7510682.782697684131563 ], [ 4261572.805753882043064, 7510685.330761877819896 ], [ 4261570.257689687423408, 7510685.330761877819896 ], [ 4261570.257689687423408, 7510687.878826072439551 ], [ 4261565.161561299115419, 7510687.878826072439551 ], [ 4261565.161561299115419, 7510690.426890266127884 ], [ 4261560.065432910807431, 7510690.426890266127884 ], [ 4261560.065432910807431, 7510695.523018654435873 ], [ 4261557.517368717119098, 7510695.523018654435873 ], [ 4261557.517368717119098, 7510698.071082849055529 ], [ 4261554.969304522499442, 7510698.071082849055529 ], [ 4261554.969304522499442, 7510700.619147042743862 ], [ 4261552.421240328811109, 7510700.619147042743862 ], [ 4261552.421240328811109, 7510703.167211237363517 ], [ 4261544.777047745883465, 7510703.167211237363517 ], [ 4261544.777047745883465, 7510705.71527543105185 ], [ 4261537.132855163887143, 7510705.71527543105185 ], [ 4261537.132855163887143, 7510708.263339625671506 ], [ 4261534.584790969267488, 7510708.263339625671506 ], [ 4261534.584790969267488, 7510710.811403819359839 ], [ 4261526.940598387271166, 7510710.811403819359839 ], [ 4261526.940598387271166, 7510713.359468013979495 ], [ 4261524.39253419265151, 7510713.359468013979495 ], [ 4261524.39253419265151, 7510715.907532207667828 ], [ 4261519.296405804343522, 7510715.907532207667828 ], [ 4261519.296405804343522, 7510718.455596402287483 ], [ 4261514.200277416035533, 7510718.455596402287483 ], [ 4261514.200277416035533, 7510721.003660595975816 ], [ 4261498.911892251111567, 7510721.003660595975816 ], [ 4261498.911892251111567, 7510723.551724790595472 ], [ 4261488.71963547449559, 7510723.551724790595472 ] ], [ [ 4262467.176286028698087, 7510308.217261143960059 ], [ 4262472.272414417006075, 7510308.217261143960059 ], [ 4262472.272414417006075, 7510305.669196950271726 ], [ 4262485.012735387310386, 7510305.669196950271726 ], [ 4262485.012735387310386, 7510303.12113275565207 ], [ 4262487.560799581930041, 7510303.12113275565207 ], [ 4262487.560799581930041, 7510300.573068561963737 ], [ 4262502.849184746854007, 7510300.573068561963737 ], [ 4262502.849184746854007, 7510298.025004367344081 ], [ 4262505.39724894054234, 7510298.025004367344081 ], [ 4262505.39724894054234, 7510295.476940173655748 ], [ 4262502.849184746854007, 7510295.476940173655748 ], [ 4262502.849184746854007, 7510292.928875979036093 ], [ 4262490.108863775618374, 7510292.928875979036093 ], [ 4262490.108863775618374, 7510290.38081178534776 ], [ 4262479.916606999002397, 7510290.38081178534776 ], [ 4262479.916606999002397, 7510287.832747590728104 ], [ 4262474.820478610694408, 7510287.832747590728104 ], [ 4262474.820478610694408, 7510285.284683397039771 ], [ 4262472.272414417006075, 7510285.284683397039771 ], [ 4262472.272414417006075, 7510282.736619202420115 ], [ 4262469.72435022238642, 7510282.736619202420115 ], [ 4262469.72435022238642, 7510280.188555008731782 ], [ 4262467.176286028698087, 7510280.188555008731782 ], [ 4262467.176286028698087, 7510282.736619202420115 ], [ 4262464.628221834078431, 7510282.736619202420115 ], [ 4262464.628221834078431, 7510285.284683397039771 ], [ 4262459.532093445770442, 7510285.284683397039771 ], [ 4262459.532093445770442, 7510290.38081178534776 ], [ 4262456.984029252082109, 7510290.38081178534776 ], [ 4262456.984029252082109, 7510300.573068561963737 ], [ 4262459.532093445770442, 7510300.573068561963737 ], [ 4262459.532093445770442, 7510305.669196950271726 ], [ 4262467.176286028698087, 7510305.669196950271726 ], [ 4262467.176286028698087, 7510308.217261143960059 ] ], [ [ 4262581.83917476516217, 7510308.217261143960059 ], [ 4262597.127559930086136, 7510308.217261143960059 ], [ 4262597.127559930086136, 7510305.669196950271726 ], [ 4262599.675624123774469, 7510305.669196950271726 ], [ 4262599.675624123774469, 7510303.12113275565207 ], [ 4262602.223688318394125, 7510303.12113275565207 ], [ 4262602.223688318394125, 7510300.573068561963737 ], [ 4262607.319816706702113, 7510300.573068561963737 ], [ 4262607.319816706702113, 7510264.900169843807817 ], [ 4262609.867880900390446, 7510264.900169843807817 ], [ 4262609.867880900390446, 7510254.707913067191839 ], [ 4262607.319816706702113, 7510254.707913067191839 ], [ 4262607.319816706702113, 7510249.611784678883851 ], [ 4262602.223688318394125, 7510249.611784678883851 ], [ 4262602.223688318394125, 7510247.063720484264195 ], [ 4262599.675624123774469, 7510247.063720484264195 ], [ 4262599.675624123774469, 7510244.515656290575862 ], [ 4262597.127559930086136, 7510244.515656290575862 ], [ 4262597.127559930086136, 7510241.967592095956206 ], [ 4262594.57949573546648, 7510241.967592095956206 ], [ 4262594.57949573546648, 7510239.419527902267873 ], [ 4262592.031431541778147, 7510239.419527902267873 ], [ 4262592.031431541778147, 7510236.871463707648218 ], [ 4262589.483367347158492, 7510236.871463707648218 ], [ 4262589.483367347158492, 7510234.323399513959885 ], [ 4262586.935303153470159, 7510234.323399513959885 ], [ 4262586.935303153470159, 7510231.775335319340229 ], [ 4262584.387238958850503, 7510231.775335319340229 ], [ 4262584.387238958850503, 7510229.227271125651896 ], [ 4262579.291110570542514, 7510229.227271125651896 ], [ 4262579.291110570542514, 7510226.67920693103224 ], [ 4262576.743046376854181, 7510226.67920693103224 ], [ 4262576.743046376854181, 7510224.131142737343907 ], [ 4262574.194982182234526, 7510224.131142737343907 ], [ 4262574.194982182234526, 7510221.583078542724252 ], [ 4262571.646917988546193, 7510221.583078542724252 ], [ 4262571.646917988546193, 7510219.035014349035919 ], [ 4262569.098853793926537, 7510219.035014349035919 ], [ 4262569.098853793926537, 7510221.583078542724252 ], [ 4262566.550789600238204, 7510221.583078542724252 ], [ 4262566.550789600238204, 7510224.131142737343907 ], [ 4262564.002725405618548, 7510224.131142737343907 ], [ 4262564.002725405618548, 7510226.67920693103224 ], [ 4262566.550789600238204, 7510226.67920693103224 ], [ 4262566.550789600238204, 7510244.515656290575862 ], [ 4262564.002725405618548, 7510244.515656290575862 ], [ 4262564.002725405618548, 7510252.159848872572184 ], [ 4262566.550789600238204, 7510252.159848872572184 ], [ 4262566.550789600238204, 7510259.804041455499828 ], [ 4262569.098853793926537, 7510259.804041455499828 ], [ 4262569.098853793926537, 7510264.900169843807817 ], [ 4262571.646917988546193, 7510264.900169843807817 ], [ 4262571.646917988546193, 7510280.188555008731782 ], [ 4262574.194982182234526, 7510280.188555008731782 ], [ 4262574.194982182234526, 7510292.928875979036093 ], [ 4262576.743046376854181, 7510292.928875979036093 ], [ 4262576.743046376854181, 7510303.12113275565207 ], [ 4262579.291110570542514, 7510303.12113275565207 ], [ 4262579.291110570542514, 7510305.669196950271726 ], [ 4262581.83917476516217, 7510305.669196950271726 ], [ 4262581.83917476516217, 7510308.217261143960059 ] ], [ [ 4262617.51207348331809, 7510298.025004367344081 ], [ 4262632.800458648242056, 7510298.025004367344081 ], [ 4262632.800458648242056, 7510292.928875979036093 ], [ 4262630.252394453622401, 7510292.928875979036093 ], [ 4262630.252394453622401, 7510290.38081178534776 ], [ 4262627.704330259934068, 7510290.38081178534776 ], [ 4262627.704330259934068, 7510287.832747590728104 ], [ 4262625.156266065314412, 7510287.832747590728104 ], [ 4262625.156266065314412, 7510285.284683397039771 ], [ 4262620.060137677006423, 7510285.284683397039771 ], [ 4262620.060137677006423, 7510287.832747590728104 ], [ 4262617.51207348331809, 7510287.832747590728104 ], [ 4262617.51207348331809, 7510298.025004367344081 ] ], [ [ 4262377.994039232842624, 7510280.188555008731782 ], [ 4262388.186296009458601, 7510280.188555008731782 ], [ 4262388.186296009458601, 7510277.640490814112127 ], [ 4262395.830488592386246, 7510277.640490814112127 ], [ 4262395.830488592386246, 7510275.092426620423794 ], [ 4262400.926616980694234, 7510275.092426620423794 ], [ 4262400.926616980694234, 7510272.544362425804138 ], [ 4262403.474681174382567, 7510272.544362425804138 ], [ 4262403.474681174382567, 7510269.996298232115805 ], [ 4262406.022745369002223, 7510269.996298232115805 ], [ 4262406.022745369002223, 7510267.44823403749615 ], [ 4262408.570809562690556, 7510267.44823403749615 ], [ 4262408.570809562690556, 7510254.707913067191839 ], [ 4262400.926616980694234, 7510254.707913067191839 ], [ 4262400.926616980694234, 7510252.159848872572184 ], [ 4262375.445975039154291, 7510252.159848872572184 ], [ 4262375.445975039154291, 7510254.707913067191839 ], [ 4262372.897910844534636, 7510254.707913067191839 ], [ 4262372.897910844534636, 7510257.255977260880172 ], [ 4262367.801782456226647, 7510257.255977260880172 ], [ 4262367.801782456226647, 7510259.804041455499828 ], [ 4262365.253718262538314, 7510259.804041455499828 ], [ 4262365.253718262538314, 7510262.352105649188161 ], [ 4262362.705654067918658, 7510262.352105649188161 ], [ 4262362.705654067918658, 7510272.544362425804138 ], [ 4262365.253718262538314, 7510272.544362425804138 ], [ 4262365.253718262538314, 7510275.092426620423794 ], [ 4262370.349846650846303, 7510275.092426620423794 ], [ 4262370.349846650846303, 7510277.640490814112127 ], [ 4262377.994039232842624, 7510277.640490814112127 ], [ 4262377.994039232842624, 7510280.188555008731782 ] ], [ [ 4262551.262404435314238, 7510219.035014349035919 ], [ 4262553.810468629933894, 7510219.035014349035919 ], [ 4262553.810468629933894, 7510211.390821766108274 ], [ 4262548.714340241625905, 7510211.390821766108274 ], [ 4262548.714340241625905, 7510216.486950154416263 ], [ 4262551.262404435314238, 7510216.486950154416263 ], [ 4262551.262404435314238, 7510219.035014349035919 ] ] ] } },
{ "type": "Feature", "properties": { "class": 1 }, "geometry": { "type": "Polygon", "coordinates": [ [ [ 4263150.05749006010592, 7509745.095074237324297 ], [ 4263150.05749006010592, 7509742.547010042704642 ], [ 4263144.961361671797931, 7509742.547010042704642 ], [ 4263144.961361671797931, 7509739.998945849016309 ], [ 4263139.865233283489943, 7509739.998945849016309 ], [ 4263139.865233283489943, 7509734.90281746070832 ], [ 4263137.31716908980161, 7509734.90281746070832 ], [ 4263137.31716908980161, 7509719.614432295784354 ], [ 4263139.865233283489943, 7509719.614432295784354 ], [ 4263139.865233283489943, 7509711.97023971285671 ], [ 4263142.413297478109598, 7509711.97023971285671 ], [ 4263142.413297478109598, 7509706.874111324548721 ], [ 4263144.961361671797931, 7509706.874111324548721 ], [ 4263144.961361671797931, 7509704.326047130860388 ], [ 4263147.509425866417587, 7509704.326047130860388 ], [ 4263147.509425866417587, 7509701.777982936240733 ], [ 4263150.05749006010592, 7509701.777982936240733 ], [ 4263150.05749006010592, 7509699.2299187425524 ], [ 4263155.153618448413908, 7509699.2299187425524 ], [ 4263155.153618448413908, 7509701.777982936240733 ], [ 4263157.701682643033564, 7509701.777982936240733 ], [ 4263157.701682643033564, 7509704.326047130860388 ], [ 4263162.797811031341553, 7509704.326047130860388 ], [ 4263162.797811031341553, 7509709.422175519168377 ], [ 4263165.345875225029886, 7509709.422175519168377 ], [ 4263165.345875225029886, 7509722.162496489472687 ], [ 4263167.893939419649541, 7509722.162496489472687 ], [ 4263167.893939419649541, 7509724.710560684092343 ], [ 4263165.345875225029886, 7509724.710560684092343 ], [ 4263165.345875225029886, 7509732.354753266088665 ], [ 4263162.797811031341553, 7509732.354753266088665 ], [ 4263162.797811031341553, 7509737.450881654396653 ], [ 4263157.701682643033564, 7509737.450881654396653 ], [ 4263157.701682643033564, 7509739.998945849016309 ], [ 4263155.153618448413908, 7509739.998945849016309 ], [ 4263155.153618448413908, 7509745.095074237324297 ], [ 4263150.05749006010592, 7509745.095074237324297 ] ] ] } }
]
}
