{
"type": "FeatureCollection",
"name": "pred_захламление_hn_tile001",
"crs": { "type": "name", "properties": { "name": "urn:ogc:def:crs:EPSG::3857" } },
"features": [
{ "type": "Feature", "properties": { "class": 1 }, "geometry": { "type": "Polygon", "coordinates": [ [ [ 4206757.098841851577163, 8216372.259483222849667 ], [ 4206757.098841851577163, 8216369.674500447697937 ], [ 4206754.513859076425433, 8216369.674500447697937 ], [ 4206754.513859076425433, 8216367.089517671614885 ], [ 4206751.928876300342381, 8216367.089517671614885 ], [ 4206751.928876300342381, 8216361.919552121311426 ], [ 4206749.343893525190651, 8216361.919552121311426 ], [ 4206749.343893525190651, 8216356.749586570076644 ], [ 4206746.758910750038922, 8216356.749586570076644 ], [ 4206746.758910750038922, 8216354.164603793993592 ], [ 4206744.17392797395587, 8216354.164603793993592 ], [ 4206744.17392797395587, 8216348.994638243690133 ], [ 4206741.58894519880414, 8216348.994638243690133 ], [ 4206741.58894519880414, 8216336.06972436606884 ], [ 4206744.17392797395587, 8216336.06972436606884 ], [ 4206744.17392797395587, 8216330.899758814834058 ], [ 4206749.343893525190651, 8216330.899758814834058 ], [ 4206749.343893525190651, 8216328.314776039682329 ], [ 4206754.513859076425433, 8216328.314776039682329 ], [ 4206754.513859076425433, 8216325.729793264530599 ], [ 4206775.193721279501915, 8216325.729793264530599 ], [ 4206775.193721279501915, 8216328.314776039682329 ], [ 4206785.533652381971478, 8216328.314776039682329 ], [ 4206785.533652381971478, 8216330.899758814834058 ], [ 4206788.118635157123208, 8216330.899758814834058 ], [ 4206788.118635157123208, 8216336.06972436606884 ], [ 4206790.70361793320626, 8216336.06972436606884 ], [ 4206790.70361793320626, 8216338.65470714122057 ], [ 4206793.28860070835799, 8216338.65470714122057 ], [ 4206793.28860070835799, 8216354.164603793993592 ], [ 4206790.70361793320626, 8216354.164603793993592 ], [ 4206790.70361793320626, 8216359.334569345228374 ], [ 4206788.118635157123208, 8216359.334569345228374 ], [ 4206788.118635157123208, 8216364.504534896463156 ], [ 4206785.533652381971478, 8216364.504534896463156 ], [ 4206785.533652381971478, 8216369.674500447697937 ], [ 4206780.363686830736697, 8216369.674500447697937 ], [ 4206780.363686830736697, 8216372.259483222849667 ], [ 4206757.098841851577163, 8216372.259483222849667 ] ] ] } },
{ "type": "Feature", "properties": { "class": 1 }, "geometry": { "type": "Polygon", "coordinates": [ [ [ 4207144.846258171834052, 8216372.259483222849667 ], [ 4207144.846258171834052, 8216369.674500447697937 ], [ 4207116.411447642371058, 8216369.674500447697937 ], [ 4207116.411447642371058, 8216367.089517671614885 ], [ 4207098.316568213514984, 8216367.089517671614885 ], [ 4207098.316568213514984, 8216364.504534896463156 ], [ 4207090.561619887128472, 8216364.504534896463156 ], [ 4207090.561619887128472, 8216361.919552121311426 ], [ 4207085.391654336825013, 8216361.919552121311426 ], [ 4207085.391654336825013, 8216359.334569345228374 ], [ 4207082.806671560741961, 8216359.334569345228374 ], [ 4207082.806671560741961, 8216356.749586570076644 ], [ 4207080.221688785590231, 8216356.749586570076644 ], [ 4207080.221688785590231, 8216354.164603793993592 ], [ 4207077.636706010438502, 8216354.164603793993592 ], [ 4207077.636706010438502, 8216348.994638243690133 ], [ 4207075.05172323435545, 8216348.994638243690133 ], [ 4207075.05172323435545, 8216343.824672692455351 ], [ 4207077.636706010438502, 8216343.824672692455351 ], [ 4207077.636706010438502, 8216338.65470714122057 ], [ 4207082.806671560741961, 8216338.65470714122057 ], [ 4207082.806671560741961, 8216336.06972436606884 ], [ 4207085.391654336825013, 8216336.06972436606884 ], [ 4207085.391654336825013, 8216333.48474159091711 ], [ 4207095.731585438363254, 8216333.48474159091711 ], [ 4207095.731585438363254, 8216330.899758814834058 ], [ 4207098.316568213514984, 8216330.899758814834058 ], [ 4207098.316568213514984, 8216328.314776039682329 ], [ 4207103.486533764749765, 8216328.314776039682329 ], [ 4207103.486533764749765, 8216325.729793264530599 ], [ 4207106.071516539901495, 8216325.729793264530599 ], [ 4207106.071516539901495, 8216323.144810488447547 ], [ 4207108.656499315984547, 8216323.144810488447547 ], [ 4207108.656499315984547, 8216320.559827713295817 ], [ 4207111.241482091136277, 8216320.559827713295817 ], [ 4207111.241482091136277, 8216315.389862162061036 ], [ 4207113.826464866288006, 8216315.389862162061036 ], [ 4207113.826464866288006, 8216297.294982734136283 ], [ 4207111.241482091136277, 8216297.294982734136283 ], [ 4207111.241482091136277, 8216289.540034407749772 ], [ 4207113.826464866288006, 8216289.540034407749772 ], [ 4207113.826464866288006, 8216281.785086081363261 ], [ 4207116.411447642371058, 8216281.785086081363261 ], [ 4207116.411447642371058, 8216274.030137754976749 ], [ 4207118.996430417522788, 8216274.030137754976749 ], [ 4207118.996430417522788, 8216271.44515497982502 ], [ 4207121.581413192674518, 8216271.44515497982502 ], [ 4207121.581413192674518, 8216268.860172203741968 ], [ 4207124.16639596875757, 8216268.860172203741968 ], [ 4207124.16639596875757, 8216266.275189428590238 ], [ 4207126.751378743909299, 8216266.275189428590238 ], [ 4207126.751378743909299, 8216263.690206653438509 ], [ 4207131.921344295144081, 8216263.690206653438509 ], [ 4207131.921344295144081, 8216261.105223877355456 ], [ 4207139.676292621530592, 8216261.105223877355456 ], [ 4207139.676292621530592, 8216258.520241102203727 ], [ 4207162.941137600690126, 8216258.520241102203727 ], [ 4207162.941137600690126, 8216372.259483222849667 ], [ 4207144.846258171834052, 8216372.259483222849667 ] ] ] } },
{ "type": "Feature", "properties": { "class": 1 }, "geometry": { "type": "Polygon", "coordinates": [ [ [ 4206527.035374835133553, 8216377.429448774084449 ], [ 4206527.035374835133553, 8216374.844465998001397 ], [ 4206501.185547079890966, 8216374.844465998001397 ], [ 4206501.185547079890966, 8216330.899758814834058 ], [ 4206496.015581528656185, 8216330.899758814834058 ], [ 4206496.015581528656185, 8216328.314776039682329 ], [ 4206488.260633202269673, 8216328.314776039682329 ], [ 4206488.260633202269673, 8216325.729793264530599 ], [ 4206480.505684875883162, 8216325.729793264530599 ], [ 4206480.505684875883162, 8216323.144810488447547 ], [ 4206472.750736549496651, 8216323.144810488447547 ], [ 4206472.750736549496651, 8216320.559827713295817 ], [ 4206462.41080544795841, 8216320.559827713295817 ], [ 4206462.41080544795841, 8216317.974844938144088 ], [ 4206457.240839896723628, 8216317.974844938144088 ], [ 4206457.240839896723628, 8216315.389862162061036 ], [ 4206452.070874346420169, 8216315.389862162061036 ], [ 4206452.070874346420169, 8216312.804879386909306 ], [ 4206449.485891570337117, 8216312.804879386909306 ], [ 4206449.485891570337117, 8216310.219896611757576 ], [ 4206446.900908795185387, 8216310.219896611757576 ], [ 4206446.900908795185387, 8216307.634913835674524 ], [ 4206444.315926020033658, 8216307.634913835674524 ], [ 4206444.315926020033658, 8216289.540034407749772 ], [ 4206446.900908795185387, 8216289.540034407749772 ], [ 4206446.900908795185387, 8216284.37006885651499 ], [ 4206449.485891570337117, 8216284.37006885651499 ], [ 4206449.485891570337117, 8216279.200103306211531 ], [ 4206452.070874346420169, 8216279.200103306211531 ], [ 4206452.070874346420169, 8216276.615120530128479 ], [ 4206454.655857121571898, 8216276.615120530128479 ], [ 4206454.655857121571898, 8216274.030137754976749 ], [ 4206457.240839896723628, 8216274.030137754976749 ], [ 4206457.240839896723628, 8216263.690206653438509 ], [ 4206459.82582267280668, 8216263.690206653438509 ], [ 4206459.82582267280668, 8216253.350275550968945 ], [ 4206462.41080544795841, 8216253.350275550968945 ], [ 4206462.41080544795841, 8216245.595327224582434 ], [ 4206464.995788223110139, 8216245.595327224582434 ], [ 4206464.995788223110139, 8216240.425361673347652 ], [ 4206467.580770999193192, 8216240.425361673347652 ], [ 4206467.580770999193192, 8216235.255396123044193 ], [ 4206464.995788223110139, 8216235.255396123044193 ], [ 4206464.995788223110139, 8216224.915465020574629 ], [ 4206462.41080544795841, 8216224.915465020574629 ], [ 4206462.41080544795841, 8216217.160516694188118 ], [ 4206459.82582267280668, 8216217.160516694188118 ], [ 4206459.82582267280668, 8216201.650620041415095 ], [ 4206457.240839896723628, 8216201.650620041415095 ], [ 4206457.240839896723628, 8216178.385775062255561 ], [ 4206454.655857121571898, 8216178.385775062255561 ], [ 4206454.655857121571898, 8216157.705912858247757 ], [ 4206457.240839896723628, 8216157.705912858247757 ], [ 4206457.240839896723628, 8216155.120930083096027 ], [ 4206459.82582267280668, 8216155.120930083096027 ], [ 4206459.82582267280668, 8216152.535947307944298 ], [ 4206462.41080544795841, 8216152.535947307944298 ], [ 4206462.41080544795841, 8216147.365981756709516 ], [ 4206467.580770999193192, 8216147.365981756709516 ], [ 4206467.580770999193192, 8216144.780998981557786 ], [ 4206475.335719325579703, 8216144.780998981557786 ], [ 4206475.335719325579703, 8216142.196016205474734 ], [ 4206485.675650427117944, 8216142.196016205474734 ], [ 4206485.675650427117944, 8216139.611033430323005 ], [ 4206496.015581528656185, 8216139.611033430323005 ], [ 4206496.015581528656185, 8216137.026050655171275 ], [ 4206501.185547079890966, 8216137.026050655171275 ], [ 4206501.185547079890966, 8216131.856085103936493 ], [ 4206506.355512631125748, 8216131.856085103936493 ], [ 4206506.355512631125748, 8216129.271102328784764 ], [ 4206508.940495406277478, 8216129.271102328784764 ], [ 4206508.940495406277478, 8216126.686119552701712 ], [ 4206514.110460957512259, 8216126.686119552701712 ], [ 4206514.110460957512259, 8216124.101136777549982 ], [ 4206516.695443732663989, 8216124.101136777549982 ], [ 4206516.695443732663989, 8216121.516154002398252 ], [ 4206519.280426508747041, 8216121.516154002398252 ], [ 4206519.280426508747041, 8216118.9311712263152 ], [ 4206521.865409283898771, 8216118.9311712263152 ], [ 4206521.865409283898771, 8216113.761205676011741 ], [ 4206524.4503920590505, 8216113.761205676011741 ], [ 4206524.4503920590505, 8216103.421274573542178 ], [ 4206527.035374835133553, 8216103.421274573542178 ], [ 4206527.035374835133553, 8216095.666326247155666 ], [ 4206529.620357610285282, 8216095.666326247155666 ], [ 4206529.620357610285282, 8216093.081343472003937 ], [ 4206534.790323161520064, 8216093.081343472003937 ], [ 4206534.790323161520064, 8216090.496360696852207 ], [ 4206552.885202589444816, 8216090.496360696852207 ], [ 4206552.885202589444816, 8216093.081343472003937 ], [ 4206558.055168140679598, 8216093.081343472003937 ], [ 4206558.055168140679598, 8216090.496360696852207 ], [ 4206596.829909772612154, 8216090.496360696852207 ], [ 4206596.829909772612154, 8216093.081343472003937 ], [ 4206601.999875323846936, 8216093.081343472003937 ], [ 4206601.999875323846936, 8216095.666326247155666 ], [ 4206604.584858098998666, 8216095.666326247155666 ], [ 4206604.584858098998666, 8216103.421274573542178 ], [ 4206601.999875323846936, 8216103.421274573542178 ], [ 4206601.999875323846936, 8216108.591240124776959 ], [ 4206599.414892547763884, 8216108.591240124776959 ], [ 4206599.414892547763884, 8216113.761205676011741 ], [ 4206596.829909772612154, 8216113.761205676011741 ], [ 4206596.829909772612154, 8216126.686119552701712 ], [ 4206594.244926996529102, 8216126.686119552701712 ], [ 4206594.244926996529102, 8216129.271102328784764 ], [ 4206591.659944221377373, 8216129.271102328784764 ], [ 4206591.659944221377373, 8216131.856085103936493 ], [ 4206589.074961446225643, 8216131.856085103936493 ], [ 4206589.074961446225643, 8216134.441067879088223 ], [ 4206586.489978670142591, 8216134.441067879088223 ], [ 4206586.489978670142591, 8216139.611033430323005 ], [ 4206583.904995894990861, 8216139.611033430323005 ], [ 4206583.904995894990861, 8216144.780998981557786 ], [ 4206581.320013119839132, 8216144.780998981557786 ], [ 4206581.320013119839132, 8216149.950964531861246 ], [ 4206578.73503034375608, 8216149.950964531861246 ], [ 4206578.73503034375608, 8216157.705912858247757 ], [ 4206576.15004756860435, 8216157.705912858247757 ], [ 4206576.15004756860435, 8216160.290895634330809 ], [ 4206573.565064793452621, 8216160.290895634330809 ], [ 4206573.565064793452621, 8216162.875878409482539 ], [ 4206568.395099242217839, 8216162.875878409482539 ], [ 4206568.395099242217839, 8216165.460861185565591 ], [ 4206565.810116467066109, 8216165.460861185565591 ], [ 4206565.810116467066109, 8216168.04584396071732 ], [ 4206563.225133690983057, 8216168.04584396071732 ], [ 4206563.225133690983057, 8216170.63082673586905 ], [ 4206560.640150915831327, 8216170.63082673586905 ], [ 4206560.640150915831327, 8216175.800792287103832 ], [ 4206558.055168140679598, 8216175.800792287103832 ], [ 4206558.055168140679598, 8216178.385775062255561 ], [ 4206555.470185364596546, 8216178.385775062255561 ], [ 4206555.470185364596546, 8216180.970757838338614 ], [ 4206552.885202589444816, 8216180.970757838338614 ], [ 4206552.885202589444816, 8216183.555740613490343 ], [ 4206547.715237038210034, 8216183.555740613490343 ], [ 4206547.715237038210034, 8216186.140723388642073 ], [ 4206542.545271487906575, 8216186.140723388642073 ], [ 4206542.545271487906575, 8216188.725706164725125 ], [ 4206545.130254263058305, 8216188.725706164725125 ], [ 4206545.130254263058305, 8216191.310688939876854 ], [ 4206550.300219814293087, 8216191.310688939876854 ], [ 4206550.300219814293087, 8216193.895671715028584 ], [ 4206558.055168140679598, 8216193.895671715028584 ], [ 4206558.055168140679598, 8216196.480654491111636 ], [ 4206563.225133690983057, 8216196.480654491111636 ], [ 4206563.225133690983057, 8216199.065637266263366 ], [ 4206568.395099242217839, 8216199.065637266263366 ], [ 4206568.395099242217839, 8216201.650620041415095 ], [ 4206576.15004756860435, 8216201.650620041415095 ], [ 4206576.15004756860435, 8216204.235602817498147 ], [ 4206581.320013119839132, 8216204.235602817498147 ], [ 4206581.320013119839132, 8216206.820585592649877 ], [ 4206583.904995894990861, 8216206.820585592649877 ], [ 4206583.904995894990861, 8216209.405568367801607 ], [ 4206586.489978670142591, 8216209.405568367801607 ], [ 4206586.489978670142591, 8216211.990551143884659 ], [ 4206589.074961446225643, 8216211.990551143884659 ], [ 4206589.074961446225643, 8216217.160516694188118 ], [ 4206591.659944221377373, 8216217.160516694188118 ], [ 4206591.659944221377373, 8216235.255396123044193 ], [ 4206594.244926996529102, 8216235.255396123044193 ], [ 4206594.244926996529102, 8216240.425361673347652 ], [ 4206596.829909772612154, 8216240.425361673347652 ], [ 4206596.829909772612154, 8216243.010344449430704 ], [ 4206599.414892547763884, 8216243.010344449430704 ], [ 4206599.414892547763884, 8216245.595327224582434 ], [ 4206612.339806425385177, 8216245.595327224582434 ], [ 4206612.339806425385177, 8216243.010344449430704 ], [ 4206614.924789200536907, 8216243.010344449430704 ], [ 4206614.924789200536907, 8216240.425361673347652 ], [ 4206617.509771976619959, 8216240.425361673347652 ], [ 4206617.509771976619959, 8216232.670413346961141 ], [ 4206620.094754751771688, 8216232.670413346961141 ], [ 4206620.094754751771688, 8216227.500447796657681 ], [ 4206617.509771976619959, 8216227.500447796657681 ], [ 4206617.509771976619959, 8216214.575533919036388 ], [ 4206614.924789200536907, 8216214.575533919036388 ], [ 4206614.924789200536907, 8216209.405568367801607 ], [ 4206617.509771976619959, 8216209.405568367801607 ], [ 4206617.509771976619959, 8216206.820585592649877 ], [ 4206622.679737526923418, 8216206.820585592649877 ], [ 4206622.679737526923418, 8216204.235602817498147 ], [ 4206625.26472030300647, 8216204.235602817498147 ], [ 4206625.26472030300647, 8216201.650620041415095 ], [ 4206630.434685853309929, 8216201.650620041415095 ], [ 4206630.434685853309929, 8216199.065637266263366 ], [ 4206633.019668629392982, 8216199.065637266263366 ], [ 4206633.019668629392982, 8216196.480654491111636 ], [ 4206635.604651404544711, 8216196.480654491111636 ], [ 4206635.604651404544711, 8216193.895671715028584 ], [ 4206638.189634179696441, 8216193.895671715028584 ], [ 4206638.189634179696441, 8216191.310688939876854 ], [ 4206645.944582506082952, 8216191.310688939876854 ], [ 4206645.944582506082952, 8216188.725706164725125 ], [ 4206653.699530832469463, 8216188.725706164725125 ], [ 4206653.699530832469463, 8216191.310688939876854 ], [ 4206656.284513608552516, 8216191.310688939876854 ], [ 4206656.284513608552516, 8216193.895671715028584 ], [ 4206658.869496383704245, 8216193.895671715028584 ], [ 4206658.869496383704245, 8216196.480654491111636 ], [ 4206661.454479158855975, 8216196.480654491111636 ], [ 4206661.454479158855975, 8216199.065637266263366 ], [ 4206664.039461934939027, 8216199.065637266263366 ], [ 4206664.039461934939027, 8216204.235602817498147 ], [ 4206666.624444710090756, 8216204.235602817498147 ], [ 4206666.624444710090756, 8216209.405568367801607 ], [ 4206669.209427485242486, 8216209.405568367801607 ], [ 4206669.209427485242486, 8216211.990551143884659 ], [ 4206671.794410261325538, 8216211.990551143884659 ], [ 4206671.794410261325538, 8216214.575533919036388 ], [ 4206674.379393036477268, 8216214.575533919036388 ], [ 4206674.379393036477268, 8216217.160516694188118 ], [ 4206676.964375811628997, 8216217.160516694188118 ], [ 4206676.964375811628997, 8216219.74549947027117 ], [ 4206679.549358587712049, 8216219.74549947027117 ], [ 4206679.549358587712049, 8216222.3304822454229 ], [ 4206682.134341362863779, 8216222.3304822454229 ], [ 4206682.134341362863779, 8216224.915465020574629 ], [ 4206684.719324138015509, 8216224.915465020574629 ], [ 4206684.719324138015509, 8216227.500447796657681 ], [ 4206687.304306914098561, 8216227.500447796657681 ], [ 4206687.304306914098561, 8216230.085430571809411 ], [ 4206689.88928968925029, 8216230.085430571809411 ], [ 4206689.88928968925029, 8216232.670413346961141 ], [ 4206695.059255240485072, 8216232.670413346961141 ], [ 4206695.059255240485072, 8216230.085430571809411 ], [ 4206700.229220791719854, 8216230.085430571809411 ], [ 4206700.229220791719854, 8216227.500447796657681 ], [ 4206715.739117444492877, 8216227.500447796657681 ], [ 4206715.739117444492877, 8216230.085430571809411 ], [ 4206718.324100219644606, 8216230.085430571809411 ], [ 4206718.324100219644606, 8216240.425361673347652 ], [ 4206720.909082994796336, 8216240.425361673347652 ], [ 4206720.909082994796336, 8216245.595327224582434 ], [ 4206728.664031321182847, 8216245.595327224582434 ], [ 4206728.664031321182847, 8216243.010344449430704 ], [ 4206733.833996872417629, 8216243.010344449430704 ], [ 4206733.833996872417629, 8216235.255396123044193 ], [ 4206736.418979647569358, 8216235.255396123044193 ], [ 4206736.418979647569358, 8216219.74549947027117 ], [ 4206739.003962423652411, 8216219.74549947027117 ], [ 4206739.003962423652411, 8216214.575533919036388 ], [ 4206741.58894519880414, 8216214.575533919036388 ], [ 4206741.58894519880414, 8216211.990551143884659 ], [ 4206744.17392797395587, 8216211.990551143884659 ], [ 4206744.17392797395587, 8216209.405568367801607 ], [ 4206746.758910750038922, 8216209.405568367801607 ], [ 4206746.758910750038922, 8216204.235602817498147 ], [ 4206751.928876300342381, 8216204.235602817498147 ], [ 4206751.928876300342381, 8216201.650620041415095 ], [ 4206757.098841851577163, 8216201.650620041415095 ], [ 4206757.098841851577163, 8216204.235602817498147 ], [ 4206764.853790177963674, 8216204.235602817498147 ], [ 4206764.853790177963674, 8216206.820585592649877 ], [ 4206772.608738504350185, 8216206.820585592649877 ], [ 4206772.608738504350185, 8216209.405568367801607 ], [ 4206785.533652381971478, 8216209.405568367801607 ], [ 4206785.533652381971478, 8216211.990551143884659 ], [ 4206790.70361793320626, 8216211.990551143884659 ], [ 4206790.70361793320626, 8216214.575533919036388 ], [ 4206795.873583483509719, 8216214.575533919036388 ], [ 4206795.873583483509719, 8216217.160516694188118 ], [ 4206801.043549034744501, 8216217.160516694188118 ], [ 4206801.043549034744501, 8216219.74549947027117 ], [ 4206803.628531809896231, 8216219.74549947027117 ], [ 4206803.628531809896231, 8216224.915465020574629 ], [ 4206806.213514585979283, 8216224.915465020574629 ], [ 4206806.213514585979283, 8216230.085430571809411 ], [ 4206808.798497361131012, 8216230.085430571809411 ], [ 4206808.798497361131012, 8216248.180309999734163 ], [ 4206811.383480136282742, 8216248.180309999734163 ], [ 4206811.383480136282742, 8216261.105223877355456 ], [ 4206813.968462912365794, 8216261.105223877355456 ], [ 4206813.968462912365794, 8216276.615120530128479 ], [ 4206811.383480136282742, 8216276.615120530128479 ], [ 4206811.383480136282742, 8216284.37006885651499 ], [ 4206808.798497361131012, 8216284.37006885651499 ], [ 4206808.798497361131012, 8216289.540034407749772 ], [ 4206806.213514585979283, 8216289.540034407749772 ], [ 4206806.213514585979283, 8216294.709999958984554 ], [ 4206803.628531809896231, 8216294.709999958984554 ], [ 4206803.628531809896231, 8216297.294982734136283 ], [ 4206801.043549034744501, 8216297.294982734136283 ], [ 4206801.043549034744501, 8216299.879965509288013 ], [ 4206798.458566259592772, 8216299.879965509288013 ], [ 4206798.458566259592772, 8216302.464948285371065 ], [ 4206795.873583483509719, 8216302.464948285371065 ], [ 4206795.873583483509719, 8216305.049931060522795 ], [ 4206780.363686830736697, 8216305.049931060522795 ], [ 4206780.363686830736697, 8216307.634913835674524 ], [ 4206757.098841851577163, 8216307.634913835674524 ], [ 4206757.098841851577163, 8216305.049931060522795 ], [ 4206749.343893525190651, 8216305.049931060522795 ], [ 4206749.343893525190651, 8216302.464948285371065 ], [ 4206746.758910750038922, 8216302.464948285371065 ], [ 4206746.758910750038922, 8216299.879965509288013 ], [ 4206744.17392797395587, 8216299.879965509288013 ], [ 4206744.17392797395587, 8216297.294982734136283 ], [ 4206741.58894519880414, 8216297.294982734136283 ], [ 4206741.58894519880414, 8216292.125017182901502 ], [ 4206739.003962423652411, 8216292.125017182901502 ], [ 4206739.003962423652411, 8216284.37006885651499 ], [ 4206736.418979647569358, 8216284.37006885651499 ], [ 4206736.418979647569358, 8216271.44515497982502 ], [ 4206733.833996872417629, 8216271.44515497982502 ], [ 4206733.833996872417629, 8216268.860172203741968 ], [ 4206731.249014097265899, 8216268.860172203741968 ], [ 4206731.249014097265899, 8216271.44515497982502 ], [ 4206728.664031321182847, 8216271.44515497982502 ], [ 4206728.664031321182847, 8216276.615120530128479 ], [ 4206726.079048546031117, 8216276.615120530128479 ], [ 4206726.079048546031117, 8216279.200103306211531 ], [ 4206723.494065770879388, 8216279.200103306211531 ], [ 4206723.494065770879388, 8216284.37006885651499 ], [ 4206720.909082994796336, 8216284.37006885651499 ], [ 4206720.909082994796336, 8216286.955051632598042 ], [ 4206718.324100219644606, 8216286.955051632598042 ], [ 4206718.324100219644606, 8216292.125017182901502 ], [ 4206715.739117444492877, 8216292.125017182901502 ], [ 4206715.739117444492877, 8216294.709999958984554 ], [ 4206705.399186342023313, 8216294.709999958984554 ], [ 4206705.399186342023313, 8216292.125017182901502 ], [ 4206697.644238015636802, 8216292.125017182901502 ], [ 4206697.644238015636802, 8216289.540034407749772 ], [ 4206692.474272465333343, 8216289.540034407749772 ], [ 4206692.474272465333343, 8216292.125017182901502 ], [ 4206689.88928968925029, 8216292.125017182901502 ], [ 4206689.88928968925029, 8216294.709999958984554 ], [ 4206687.304306914098561, 8216294.709999958984554 ], [ 4206687.304306914098561, 8216299.879965509288013 ], [ 4206684.719324138015509, 8216299.879965509288013 ], [ 4206684.719324138015509, 8216302.464948285371065 ], [ 4206682.134341362863779, 8216302.464948285371065 ], [ 4206682.134341362863779, 8216305.049931060522795 ], [ 4206679.549358587712049, 8216305.049931060522795 ], [ 4206679.549358587712049, 8216307.634913835674524 ], [ 4206676.964375811628997, 8216307.634913835674524 ], [ 4206676.964375811628997, 8216310.219896611757576 ], [ 4206674.379393036477268, 8216310.219896611757576 ], [ 4206674.379393036477268, 8216312.804879386909306 ], [ 4206669.209427485242486, 8216312.804879386909306 ], [ 4206669.209427485242486, 8216310.219896611757576 ], [ 4206664.039461934939027, 8216310.219896611757576 ], [ 4206664.039461934939027, 8216307.634913835674524 ], [ 4206653.699530832469463, 8216307.634913835674524 ], [ 4206653.699530832469463, 8216305.049931060522795 ], [ 4206651.114548057317734, 8216305.049931060522795 ], [ 4206651.114548057317734, 8216307.634913835674524 ], [ 4206645.944582506082952, 8216307.634913835674524 ], [ 4206645.944582506082952, 8216310.219896611757576 ], [ 4206643.359599730931222, 8216310.219896611757576 ], [ 4206643.359599730931222, 8216312.804879386909306 ], [ 4206640.774616955779493, 8216312.804879386909306 ], [ 4206640.774616955779493, 8216317.974844938144088 ], [ 4206638.189634179696441, 8216317.974844938144088 ], [ 4206638.189634179696441, 8216323.144810488447547 ], [ 4206643.359599730931222, 8216323.144810488447547 ], [ 4206643.359599730931222, 8216325.729793264530599 ], [ 4206645.944582506082952, 8216325.729793264530599 ], [ 4206645.944582506082952, 8216328.314776039682329 ], [ 4206648.529565282166004, 8216328.314776039682329 ], [ 4206648.529565282166004, 8216330.899758814834058 ], [ 4206651.114548057317734, 8216330.899758814834058 ], [ 4206651.114548057317734, 8216333.48474159091711 ], [ 4206653.699530832469463, 8216333.48474159091711 ], [ 4206653.699530832469463, 8216341.239689917303622 ], [ 4206656.284513608552516, 8216341.239689917303622 ], [ 4206656.284513608552516, 8216351.579621018841863 ], [ 4206653.699530832469463, 8216351.579621018841863 ], [ 4206653.699530832469463, 8216354.164603793993592 ], [ 4206656.284513608552516, 8216354.164603793993592 ], [ 4206656.284513608552516, 8216364.504534896463156 ], [ 4206658.869496383704245, 8216364.504534896463156 ], [ 4206658.869496383704245, 8216367.089517671614885 ], [ 4206661.454479158855975, 8216367.089517671614885 ], [ 4206661.454479158855975, 8216369.674500447697937 ], [ 4206664.039461934939027, 8216369.674500447697937 ], [ 4206664.039461934939027, 8216372.259483222849667 ], [ 4206666.624444710090756, 8216372.259483222849667 ], [ 4206666.624444710090756, 8216374.844465998001397 ], [ 4206661.454479158855975, 8216374.844465998001397 ], [ 4206661.454479158855975, 8216377.429448774084449 ], [ 4206604.584858098998666, 8216377.429448774084449 ], [ 4206604.584858098998666, 8216374.844465998001397 ], [ 4206594.244926996529102, 8216374.844465998001397 ], [ 4206594.244926996529102, 8216377.429448774084449 ], [ 4206527.035374835133553, 8216377.429448774084449 ] ] ] } },
{ "type": "Feature", "properties": { "class": 1 }, "geometry": { "type": "Polygon", "coordinates": [ [ [ 4207155.186189274303615, 8216080.156429594382644 ], [ 4207155.186189274303615, 8216077.571446819230914 ], [ 4207150.016223723068833, 8216077.571446819230914 ], [ 4207150.016223723068833, 8216074.986464044079185 ], [ 4207144.846258171834052, 8216074.986464044079185 ], [ 4207144.846258171834052, 8216069.816498492844403 ], [ 4207142.261275396682322, 8216069.816498492844403 ], [ 4207142.261275396682322, 8216054.30660184007138 ], [ 4207144.846258171834052, 8216054.30660184007138 ], [ 4207144.846258171834052, 8216051.721619063988328 ], [ 4207147.431240947917104, 8216051.721619063988328 ], [ 4207147.431240947917104, 8216049.136636288836598 ], [ 4207162.941137600690126, 8216049.136636288836598 ], [ 4207162.941137600690126, 8216080.156429594382644 ], [ 4207155.186189274303615, 8216080.156429594382644 ] ] ] } },
{ "type": "Feature", "properties": { "class": 1 }, "geometry": { "type": "Polygon", "coordinates": [ [ [ 4207041.446947153657675, 8216049.136636288836598 ], [ 4207041.446947153657675, 8216046.551653513684869 ], [ 4207051.786878255195916, 8216046.551653513684869 ], [ 4207051.786878255195916, 8216049.136636288836598 ], [ 4207041.446947153657675, 8216049.136636288836598 ] ] ] } },
{ "type": "Feature", "properties": { "class": 1 }, "geometry": { "type": "Polygon", "coordinates": [ [ [ 4207051.786878255195916, 8216111.176222899928689 ], [ 4207051.786878255195916, 8216108.591240124776959 ], [ 4207049.201895480044186, 8216108.591240124776959 ], [ 4207049.201895480044186, 8216106.00625734962523 ], [ 4207046.616912703961134, 8216106.00625734962523 ], [ 4207046.616912703961134, 8216103.421274573542178 ], [ 4207044.031929928809404, 8216103.421274573542178 ], [ 4207044.031929928809404, 8216100.836291798390448 ], [ 4207041.446947153657675, 8216100.836291798390448 ], [ 4207041.446947153657675, 8216098.251309023238719 ], [ 4207038.861964377574623, 8216098.251309023238719 ], [ 4207038.861964377574623, 8216090.496360696852207 ], [ 4207041.446947153657675, 8216090.496360696852207 ], [ 4207041.446947153657675, 8216080.156429594382644 ], [ 4207038.861964377574623, 8216080.156429594382644 ], [ 4207038.861964377574623, 8216077.571446819230914 ], [ 4207036.276981602422893, 8216077.571446819230914 ], [ 4207036.276981602422893, 8216074.986464044079185 ], [ 4207031.107016051188111, 8216074.986464044079185 ], [ 4207031.107016051188111, 8216072.401481267996132 ], [ 4207025.937050500884652, 8216072.401481267996132 ], [ 4207025.937050500884652, 8216069.816498492844403 ], [ 4207007.842171072028577, 8216069.816498492844403 ], [ 4207007.842171072028577, 8216072.401481267996132 ], [ 4207002.672205521725118, 8216072.401481267996132 ], [ 4207002.672205521725118, 8216074.986464044079185 ], [ 4206994.917257195338607, 8216074.986464044079185 ], [ 4206994.917257195338607, 8216077.571446819230914 ], [ 4206925.122722256928682, 8216077.571446819230914 ], [ 4206925.122722256928682, 8216080.156429594382644 ], [ 4206894.102928951382637, 8216080.156429594382644 ], [ 4206894.102928951382637, 8216077.571446819230914 ], [ 4206886.347980624996126, 8216077.571446819230914 ], [ 4206886.347980624996126, 8216069.816498492844403 ], [ 4206888.932963401079178, 8216069.816498492844403 ], [ 4206888.932963401079178, 8216067.231515716761351 ], [ 4206891.517946176230907, 8216067.231515716761351 ], [ 4206891.517946176230907, 8216064.646532941609621 ], [ 4206894.102928951382637, 8216064.646532941609621 ], [ 4206894.102928951382637, 8216051.721619063988328 ], [ 4206896.687911727465689, 8216051.721619063988328 ], [ 4206896.687911727465689, 8216049.136636288836598 ], [ 4206883.762997849844396, 8216049.136636288836598 ], [ 4206883.762997849844396, 8216046.551653513684869 ], [ 4206888.932963401079178, 8216046.551653513684869 ], [ 4206888.932963401079178, 8216043.966670737601817 ], [ 4206891.517946176230907, 8216043.966670737601817 ], [ 4206891.517946176230907, 8216041.381687962450087 ], [ 4206896.687911727465689, 8216041.381687962450087 ], [ 4206896.687911727465689, 8216038.796705187298357 ], [ 4206901.857877277769148, 8216038.796705187298357 ], [ 4206901.857877277769148, 8216036.211722411215305 ], [ 4206907.02784282900393, 8216036.211722411215305 ], [ 4206907.02784282900393, 8216033.626739636063576 ], [ 4206917.367773930542171, 8216033.626739636063576 ], [ 4206917.367773930542171, 8216031.041756860911846 ], [ 4206930.292687808163464, 8216031.041756860911846 ], [ 4206930.292687808163464, 8216028.456774084828794 ], [ 4206943.217601685784757, 8216028.456774084828794 ], [ 4206943.217601685784757, 8216031.041756860911846 ], [ 4206950.972550012171268, 8216031.041756860911846 ], [ 4206950.972550012171268, 8216033.626739636063576 ], [ 4206997.502239970490336, 8216033.626739636063576 ], [ 4206997.502239970490336, 8216036.211722411215305 ], [ 4207002.672205521725118, 8216036.211722411215305 ], [ 4207002.672205521725118, 8216038.796705187298357 ], [ 4207005.257188296876848, 8216038.796705187298357 ], [ 4207005.257188296876848, 8216041.381687962450087 ], [ 4207010.427153848111629, 8216041.381687962450087 ], [ 4207010.427153848111629, 8216043.966670737601817 ], [ 4207018.182102174498141, 8216043.966670737601817 ], [ 4207018.182102174498141, 8216046.551653513684869 ], [ 4207025.937050500884652, 8216046.551653513684869 ], [ 4207025.937050500884652, 8216049.136636288836598 ], [ 4207000.087222745642066, 8216049.136636288836598 ], [ 4207000.087222745642066, 8216051.721619063988328 ], [ 4207002.672205521725118, 8216051.721619063988328 ], [ 4207002.672205521725118, 8216054.30660184007138 ], [ 4207007.842171072028577, 8216054.30660184007138 ], [ 4207007.842171072028577, 8216056.89158461522311 ], [ 4207038.861964377574623, 8216056.89158461522311 ], [ 4207038.861964377574623, 8216054.30660184007138 ], [ 4207046.616912703961134, 8216054.30660184007138 ], [ 4207046.616912703961134, 8216056.89158461522311 ], [ 4207054.371861030347645, 8216056.89158461522311 ], [ 4207054.371861030347645, 8216059.476567390374839 ], [ 4207056.956843806430697, 8216059.476567390374839 ], [ 4207056.956843806430697, 8216062.061550166457891 ], [ 4207062.126809356734157, 8216062.061550166457891 ], [ 4207062.126809356734157, 8216072.401481267996132 ], [ 4207059.541826581582427, 8216072.401481267996132 ], [ 4207059.541826581582427, 8216080.156429594382644 ], [ 4207056.956843806430697, 8216080.156429594382644 ], [ 4207056.956843806430697, 8216090.496360696852207 ], [ 4207059.541826581582427, 8216090.496360696852207 ], [ 4207059.541826581582427, 8216100.836291798390448 ], [ 4207056.956843806430697, 8216100.836291798390448 ], [ 4207056.956843806430697, 8216108.591240124776959 ], [ 4207054.371861030347645, 8216108.591240124776959 ], [ 4207054.371861030347645, 8216111.176222899928689 ], [ 4207051.786878255195916, 8216111.176222899928689 ] ] ] } },
{ "type": "Feature", "properties": { "class": 1 }, "geometry": { "type": "Polygon", "coordinates": [ [ [ 4205301.75353926140815, 8216423.959138732403517 ], [ 4205301.75353926140815, 8216421.374155956320465 ], [ 4205288.82862538471818, 8216421.374155956320465 ], [ 4205288.82862538471818, 8216418.789173181168735 ], [ 4205278.488694282248616, 8216418.789173181168735 ], [ 4205278.488694282248616, 8216416.204190406017005 ], [ 4205262.978797629475594, 8216416.204190406017005 ], [ 4205262.978797629475594, 8216413.619207629933953 ], [ 4205252.638866527937353, 8216413.619207629933953 ], [ 4205252.638866527937353, 8216411.034224854782224 ], [ 4205234.543987099081278, 8216411.034224854782224 ], [ 4205234.543987099081278, 8216408.449242079630494 ], [ 4205216.449107671156526, 8216408.449242079630494 ], [ 4205216.449107671156526, 8216405.864259303547442 ], [ 4205206.109176569618285, 8216405.864259303547442 ], [ 4205206.109176569618285, 8216408.449242079630494 ], [ 4205193.184262691996992, 8216408.449242079630494 ], [ 4205193.184262691996992, 8216411.034224854782224 ], [ 4205188.01429714076221, 8216411.034224854782224 ], [ 4205188.01429714076221, 8216413.619207629933953 ], [ 4205177.674366039223969, 8216413.619207629933953 ], [ 4205177.674366039223969, 8216416.204190406017005 ], [ 4205169.919417712837458, 8216416.204190406017005 ], [ 4205169.919417712837458, 8216413.619207629933953 ], [ 4205149.239555508829653, 8216413.619207629933953 ], [ 4205149.239555508829653, 8216416.204190406017005 ], [ 4205133.729658856056631, 8216416.204190406017005 ], [ 4205133.729658856056631, 8216418.789173181168735 ], [ 4205131.144676080904901, 8216418.789173181168735 ], [ 4205131.144676080904901, 8216416.204190406017005 ], [ 4205120.804744978435338, 8216416.204190406017005 ], [ 4205120.804744978435338, 8216413.619207629933953 ], [ 4205115.634779428131878, 8216413.619207629933953 ], [ 4205115.634779428131878, 8216411.034224854782224 ], [ 4205110.464813876897097, 8216411.034224854782224 ], [ 4205110.464813876897097, 8216408.449242079630494 ], [ 4205105.294848325662315, 8216408.449242079630494 ], [ 4205105.294848325662315, 8216405.864259303547442 ], [ 4205102.709865550510585, 8216405.864259303547442 ], [ 4205102.709865550510585, 8216403.279276528395712 ], [ 4205097.539899999275804, 8216403.279276528395712 ], [ 4205097.539899999275804, 8216400.694293753243983 ], [ 4205092.369934448972344, 8216400.694293753243983 ], [ 4205092.369934448972344, 8216398.109310977160931 ], [ 4205087.199968897737563, 8216398.109310977160931 ], [ 4205087.199968897737563, 8216395.524328202009201 ], [ 4205082.030003346502781, 8216395.524328202009201 ], [ 4205082.030003346502781, 8216392.939345426857471 ], [ 4205076.860037796199322, 8216392.939345426857471 ], [ 4205076.860037796199322, 8216390.354362650774419 ], [ 4205063.935123918578029, 8216390.354362650774419 ], [ 4205063.935123918578029, 8216387.76937987562269 ], [ 4205038.085296163335443, 8216387.76937987562269 ], [ 4205038.085296163335443, 8216385.18439710047096 ], [ 4205009.650485633872449, 8216385.18439710047096 ], [ 4205009.650485633872449, 8216387.76937987562269 ], [ 4205004.480520082637668, 8216387.76937987562269 ], [ 4205004.480520082637668, 8216385.18439710047096 ], [ 4204991.555606205016375, 8216385.18439710047096 ], [ 4204991.555606205016375, 8216382.599414324387908 ], [ 4204983.800657878629863, 8216382.599414324387908 ], [ 4204983.800657878629863, 8216380.014431549236178 ], [ 4204981.215675103478134, 8216380.014431549236178 ], [ 4204981.215675103478134, 8216377.429448774084449 ], [ 4204976.045709552243352, 8216377.429448774084449 ], [ 4204976.045709552243352, 8216374.844465998001397 ], [ 4204970.875744001939893, 8216374.844465998001397 ], [ 4204970.875744001939893, 8216369.674500447697937 ], [ 4204968.290761225856841, 8216369.674500447697937 ], [ 4204968.290761225856841, 8216367.089517671614885 ], [ 4204965.705778450705111, 8216367.089517671614885 ], [ 4204965.705778450705111, 8216364.504534896463156 ], [ 4204963.120795674622059, 8216364.504534896463156 ], [ 4204963.120795674622059, 8216361.919552121311426 ], [ 4204960.535812899470329, 8216361.919552121311426 ], [ 4204960.535812899470329, 8216359.334569345228374 ], [ 4204957.9508301243186, 8216359.334569345228374 ], [ 4204957.9508301243186, 8216356.749586570076644 ], [ 4204955.365847348235548, 8216356.749586570076644 ], [ 4204955.365847348235548, 8216354.164603793993592 ], [ 4204952.780864573083818, 8216354.164603793993592 ], [ 4204952.780864573083818, 8216351.579621018841863 ], [ 4204950.195881797932088, 8216351.579621018841863 ], [ 4204950.195881797932088, 8216348.994638243690133 ], [ 4204947.610899021849036, 8216348.994638243690133 ], [ 4204947.610899021849036, 8216346.409655467607081 ], [ 4204945.025916246697307, 8216346.409655467607081 ], [ 4204945.025916246697307, 8216343.824672692455351 ], [ 4204942.440933471545577, 8216343.824672692455351 ], [ 4204942.440933471545577, 8216338.65470714122057 ], [ 4204939.855950695462525, 8216338.65470714122057 ], [ 4204939.855950695462525, 8216336.06972436606884 ], [ 4204937.270967920310795, 8216336.06972436606884 ], [ 4204937.270967920310795, 8216330.899758814834058 ], [ 4204934.685985145159066, 8216330.899758814834058 ], [ 4204934.685985145159066, 8216325.729793264530599 ], [ 4204932.101002369076014, 8216325.729793264530599 ], [ 4204932.101002369076014, 8216271.44515497982502 ], [ 4204929.516019593924284, 8216271.44515497982502 ], [ 4204929.516019593924284, 8216199.065637266263366 ], [ 4204926.931036818772554, 8216199.065637266263366 ], [ 4204926.931036818772554, 8216175.800792287103832 ], [ 4204924.346054042689502, 8216175.800792287103832 ], [ 4204924.346054042689502, 8216168.04584396071732 ], [ 4204921.761071267537773, 8216168.04584396071732 ], [ 4204921.761071267537773, 8216157.705912858247757 ], [ 4204919.176088492386043, 8216157.705912858247757 ], [ 4204919.176088492386043, 8216152.535947307944298 ], [ 4204916.591105716302991, 8216152.535947307944298 ], [ 4204916.591105716302991, 8216144.780998981557786 ], [ 4204914.006122941151261, 8216144.780998981557786 ], [ 4204914.006122941151261, 8216142.196016205474734 ], [ 4204911.421140165999532, 8216142.196016205474734 ], [ 4204911.421140165999532, 8216137.026050655171275 ], [ 4204908.83615738991648, 8216137.026050655171275 ], [ 4204908.83615738991648, 8216131.856085103936493 ], [ 4204906.25117461476475, 8216131.856085103936493 ], [ 4204906.25117461476475, 8216124.101136777549982 ], [ 4204903.66619183961302, 8216124.101136777549982 ], [ 4204903.66619183961302, 8216118.9311712263152 ], [ 4204901.081209063529968, 8216118.9311712263152 ], [ 4204901.081209063529968, 8216077.571446819230914 ], [ 4204898.496226288378239, 8216077.571446819230914 ], [ 4204898.496226288378239, 8216062.061550166457891 ], [ 4204895.911243513226509, 8216062.061550166457891 ], [ 4204895.911243513226509, 8216054.30660184007138 ], [ 4204893.326260737143457, 8216054.30660184007138 ], [ 4204893.326260737143457, 8216049.136636288836598 ], [ 4204890.741277961991727, 8216049.136636288836598 ], [ 4204890.741277961991727, 8216041.381687962450087 ], [ 4204888.156295186839998, 8216041.381687962450087 ], [ 4204888.156295186839998, 8216031.041756860911846 ], [ 4204885.571312410756946, 8216031.041756860911846 ], [ 4204885.571312410756946, 8216018.116842983290553 ], [ 4204882.986329635605216, 8216018.116842983290553 ], [ 4204882.986329635605216, 8216007.776911881752312 ], [ 4204880.401346860453486, 8216007.776911881752312 ], [ 4204880.401346860453486, 8215997.436980779282749 ], [ 4204877.816364084370434, 8215997.436980779282749 ], [ 4204877.816364084370434, 8215989.682032452896237 ], [ 4204875.231381309218705, 8215989.682032452896237 ], [ 4204875.231381309218705, 8215984.512066902592778 ], [ 4204872.646398534066975, 8215984.512066902592778 ], [ 4204872.646398534066975, 8215979.342101351357996 ], [ 4204870.061415757983923, 8215979.342101351357996 ], [ 4204870.061415757983923, 8215974.172135800123215 ], [ 4204867.476432982832193, 8215974.172135800123215 ], [ 4204867.476432982832193, 8215971.587153024971485 ], [ 4204864.891450206749141, 8215971.587153024971485 ], [ 4204864.891450206749141, 8215966.417187473736703 ], [ 4204862.306467431597412, 8215966.417187473736703 ], [ 4204862.306467431597412, 8215961.247221922501922 ], [ 4204859.721484656445682, 8215961.247221922501922 ], [ 4204859.721484656445682, 8215953.49227359611541 ], [ 4204857.13650188036263, 8215953.49227359611541 ], [ 4204857.13650188036263, 8215945.737325269728899 ], [ 4204854.5515191052109, 8215945.737325269728899 ], [ 4204854.5515191052109, 8215937.982376943342388 ], [ 4204851.966536330059171, 8215937.982376943342388 ], [ 4204851.966536330059171, 8215932.812411393038929 ], [ 4204849.381553553976119, 8215932.812411393038929 ], [ 4204849.381553553976119, 8215922.472480290569365 ], [ 4204846.796570778824389, 8215922.472480290569365 ], [ 4204846.796570778824389, 8215914.717531964182854 ], [ 4204844.211588003672659, 8215914.717531964182854 ], [ 4204844.211588003672659, 8215901.792618087492883 ], [ 4204841.626605227589607, 8215901.792618087492883 ], [ 4204841.626605227589607, 8215891.45268698502332 ], [ 4204839.041622452437878, 8215891.45268698502332 ], [ 4204839.041622452437878, 8215875.942790332250297 ], [ 4204836.456639677286148, 8215875.942790332250297 ], [ 4204836.456639677286148, 8215860.432893679477274 ], [ 4204833.871656901203096, 8215860.432893679477274 ], [ 4204833.871656901203096, 8215852.677945353090763 ], [ 4204831.286674126051366, 8215852.677945353090763 ], [ 4204831.286674126051366, 8215837.16804870031774 ], [ 4204828.701691350899637, 8215837.16804870031774 ], [ 4204828.701691350899637, 8215806.148255394771695 ], [ 4204831.286674126051366, 8215806.148255394771695 ], [ 4204831.286674126051366, 8215798.393307068385184 ], [ 4204833.871656901203096, 8215798.393307068385184 ], [ 4204833.871656901203096, 8215793.223341517150402 ], [ 4204836.456639677286148, 8215793.223341517150402 ], [ 4204836.456639677286148, 8215788.053375966846943 ], [ 4204839.041622452437878, 8215788.053375966846943 ], [ 4204839.041622452437878, 8215777.713444864377379 ], [ 4204841.626605227589607, 8215777.713444864377379 ], [ 4204841.626605227589607, 8215767.373513762839139 ], [ 4204844.211588003672659, 8215767.373513762839139 ], [ 4204844.211588003672659, 8215754.448599885217845 ], [ 4204846.796570778824389, 8215754.448599885217845 ], [ 4204846.796570778824389, 8215707.918909926898777 ], [ 4204849.381553553976119, 8215707.918909926898777 ], [ 4204849.381553553976119, 8215702.748944375663996 ], [ 4204851.966536330059171, 8215702.748944375663996 ], [ 4204851.966536330059171, 8215697.578978825360537 ], [ 4204854.5515191052109, 8215697.578978825360537 ], [ 4204854.5515191052109, 8215694.993996049277484 ], [ 4204857.13650188036263, 8215694.993996049277484 ], [ 4204857.13650188036263, 8215692.409013274125755 ], [ 4204859.721484656445682, 8215692.409013274125755 ], [ 4204859.721484656445682, 8215689.824030498974025 ], [ 4204864.891450206749141, 8215689.824030498974025 ], [ 4204864.891450206749141, 8215687.239047722890973 ], [ 4204867.476432982832193, 8215687.239047722890973 ], [ 4204867.476432982832193, 8215684.654064947739244 ], [ 4204872.646398534066975, 8215684.654064947739244 ], [ 4204872.646398534066975, 8215682.069082171656191 ], [ 4204875.231381309218705, 8215682.069082171656191 ], [ 4204875.231381309218705, 8215679.484099396504462 ], [ 4204880.401346860453486, 8215679.484099396504462 ], [ 4204880.401346860453486, 8215676.899116621352732 ], [ 4204882.986329635605216, 8215676.899116621352732 ], [ 4204882.986329635605216, 8215674.31413384526968 ], [ 4204888.156295186839998, 8215674.31413384526968 ], [ 4204888.156295186839998, 8215671.72915107011795 ], [ 4204890.741277961991727, 8215671.72915107011795 ], [ 4204890.741277961991727, 8215669.144168294966221 ], [ 4204893.326260737143457, 8215669.144168294966221 ], [ 4204893.326260737143457, 8215666.559185518883169 ], [ 4204898.496226288378239, 8215666.559185518883169 ], [ 4204898.496226288378239, 8215663.974202743731439 ], [ 4204901.081209063529968, 8215663.974202743731439 ], [ 4204901.081209063529968, 8215661.38921996857971 ], [ 4204903.66619183961302, 8215661.38921996857971 ], [ 4204903.66619183961302, 8215658.804237192496657 ], [ 4204906.25117461476475, 8215658.804237192496657 ], [ 4204906.25117461476475, 8215656.219254417344928 ], [ 4204908.83615738991648, 8215656.219254417344928 ], [ 4204908.83615738991648, 8215653.634271642193198 ], [ 4204911.421140165999532, 8215653.634271642193198 ], [ 4204911.421140165999532, 8215651.049288866110146 ], [ 4204914.006122941151261, 8215651.049288866110146 ], [ 4204914.006122941151261, 8215648.464306090958416 ], [ 4204916.591105716302991, 8215648.464306090958416 ], [ 4204916.591105716302991, 8215645.879323315806687 ], [ 4204919.176088492386043, 8215645.879323315806687 ], [ 4204919.176088492386043, 8215643.294340539723635 ], [ 4204924.346054042689502, 8215643.294340539723635 ], [ 4204924.346054042689502, 8215640.709357764571905 ], [ 4204934.685985145159066, 8215640.709357764571905 ], [ 4204934.685985145159066, 8215638.124374989420176 ], [ 4204950.195881797932088, 8215638.124374989420176 ], [ 4204950.195881797932088, 8215635.539392213337123 ], [ 4204960.535812899470329, 8215635.539392213337123 ], [ 4204960.535812899470329, 8215632.954409438185394 ], [ 4204970.875744001939893, 8215632.954409438185394 ], [ 4204970.875744001939893, 8215630.369426663033664 ], [ 4204976.045709552243352, 8215630.369426663033664 ], [ 4204976.045709552243352, 8215627.784443886950612 ], [ 4204978.630692328326404, 8215627.784443886950612 ], [ 4204978.630692328326404, 8215625.199461111798882 ], [ 4204983.800657878629863, 8215625.199461111798882 ], [ 4204983.800657878629863, 8215622.614478336647153 ], [ 4204986.385640654712915, 8215622.614478336647153 ], [ 4204986.385640654712915, 8215620.029495560564101 ], [ 4204991.555606205016375, 8215620.029495560564101 ], [ 4204991.555606205016375, 8215617.444512785412371 ], [ 4204994.140588981099427, 8215617.444512785412371 ], [ 4204994.140588981099427, 8215614.859530010260642 ], [ 4204996.725571756251156, 8215614.859530010260642 ], [ 4204996.725571756251156, 8215612.274547234177589 ], [ 4204999.310554531402886, 8215612.274547234177589 ], [ 4204999.310554531402886, 8215609.68956445902586 ], [ 4205001.895537307485938, 8215609.68956445902586 ], [ 4205001.895537307485938, 8215607.10458168387413 ], [ 4205004.480520082637668, 8215607.10458168387413 ], [ 4205004.480520082637668, 8215604.519598907791078 ], [ 4205007.065502857789397, 8215604.519598907791078 ], [ 4205007.065502857789397, 8215601.934616132639349 ], [ 4205009.650485633872449, 8215601.934616132639349 ], [ 4205009.650485633872449, 8215596.764650581404567 ], [ 4205012.235468409024179, 8215596.764650581404567 ], [ 4205012.235468409024179, 8215594.179667806252837 ], [ 4205014.820451184175909, 8215594.179667806252837 ], [ 4205014.820451184175909, 8215589.009702255018055 ], [ 4205017.405433960258961, 8215589.009702255018055 ], [ 4205017.405433960258961, 8215586.424719479866326 ], [ 4205019.99041673541069, 8215586.424719479866326 ], [ 4205019.99041673541069, 8215581.254753928631544 ], [ 4205022.57539951056242, 8215581.254753928631544 ], [ 4205022.57539951056242, 8215576.084788377396762 ], [ 4205025.160382286645472, 8215576.084788377396762 ], [ 4205025.160382286645472, 8215573.499805602245033 ], [ 4205027.745365061797202, 8215573.499805602245033 ], [ 4205027.745365061797202, 8215568.329840051010251 ], [ 4205030.330347836948931, 8215568.329840051010251 ], [ 4205030.330347836948931, 8215565.744857275858521 ], [ 4205032.915330613031983, 8215565.744857275858521 ], [ 4205032.915330613031983, 8215563.159874500706792 ], [ 4205035.500313388183713, 8215563.159874500706792 ], [ 4205035.500313388183713, 8215560.57489172462374 ], [ 4205038.085296163335443, 8215560.57489172462374 ], [ 4205038.085296163335443, 8215557.98990894947201 ], [ 4205043.255261714570224, 8215557.98990894947201 ], [ 4205043.255261714570224, 8215555.404926174320281 ], [ 4205045.840244489721954, 8215555.404926174320281 ], [ 4205045.840244489721954, 8215552.819943398237228 ], [ 4205048.425227265805006, 8215552.819943398237228 ], [ 4205048.425227265805006, 8215547.649977847933769 ], [ 4205051.010210040956736, 8215547.649977847933769 ], [ 4205051.010210040956736, 8215545.064995071850717 ], [ 4205053.595192816108465, 8215545.064995071850717 ], [ 4205053.595192816108465, 8215539.895029521547258 ], [ 4205056.180175592191517, 8215539.895029521547258 ], [ 4205056.180175592191517, 8215534.725063970312476 ], [ 4205058.765158367343247, 8215534.725063970312476 ], [ 4205058.765158367343247, 8215532.140081195160747 ], [ 4205061.350141142494977, 8215532.140081195160747 ], [ 4205061.350141142494977, 8215529.555098419077694 ], [ 4205063.935123918578029, 8215529.555098419077694 ], [ 4205063.935123918578029, 8215526.970115643925965 ], [ 4205066.520106693729758, 8215526.970115643925965 ], [ 4205066.520106693729758, 8215524.385132868774235 ], [ 4205071.69007224496454, 8215524.385132868774235 ], [ 4205071.69007224496454, 8215521.800150092691183 ], [ 4205079.445020571351051, 8215521.800150092691183 ], [ 4205079.445020571351051, 8215519.215167317539454 ], [ 4205102.709865550510585, 8215519.215167317539454 ], [ 4205102.709865550510585, 8215521.800150092691183 ], [ 4205113.049796652048826, 8215521.800150092691183 ], [ 4205113.049796652048826, 8215524.385132868774235 ], [ 4205120.804744978435338, 8215524.385132868774235 ], [ 4205120.804744978435338, 8215526.970115643925965 ], [ 4205125.974710529670119, 8215526.970115643925965 ], [ 4205125.974710529670119, 8215529.555098419077694 ], [ 4205128.559693304821849, 8215529.555098419077694 ], [ 4205128.559693304821849, 8215532.140081195160747 ], [ 4205131.144676080904901, 8215532.140081195160747 ], [ 4205131.144676080904901, 8215534.725063970312476 ], [ 4205133.729658856056631, 8215534.725063970312476 ], [ 4205133.729658856056631, 8215545.064995071850717 ], [ 4205136.31464163120836, 8215545.064995071850717 ], [ 4205136.31464163120836, 8215550.234960623085499 ], [ 4205133.729658856056631, 8215550.234960623085499 ], [ 4205133.729658856056631, 8215573.499805602245033 ], [ 4205136.31464163120836, 8215573.499805602245033 ], [ 4205136.31464163120836, 8215578.669771153479815 ], [ 4205138.899624407291412, 8215578.669771153479815 ], [ 4205138.899624407291412, 8215581.254753928631544 ], [ 4205141.484607182443142, 8215581.254753928631544 ], [ 4205141.484607182443142, 8215583.839736703783274 ], [ 4205146.654572733677924, 8215583.839736703783274 ], [ 4205146.654572733677924, 8215586.424719479866326 ], [ 4205151.824538283981383, 8215586.424719479866326 ], [ 4205151.824538283981383, 8215589.009702255018055 ], [ 4205162.164469386450946, 8215589.009702255018055 ], [ 4205162.164469386450946, 8215591.594685031101108 ], [ 4205188.01429714076221, 8215591.594685031101108 ], [ 4205188.01429714076221, 8215589.009702255018055 ], [ 4205198.354228243231773, 8215589.009702255018055 ], [ 4205198.354228243231773, 8215586.424719479866326 ], [ 4205206.109176569618285, 8215586.424719479866326 ], [ 4205206.109176569618285, 8215583.839736703783274 ], [ 4205219.034090446308255, 8215583.839736703783274 ], [ 4205219.034090446308255, 8215581.254753928631544 ], [ 4205229.374021548777819, 8215581.254753928631544 ], [ 4205229.374021548777819, 8215583.839736703783274 ], [ 4205237.12896987516433, 8215583.839736703783274 ], [ 4205237.12896987516433, 8215586.424719479866326 ], [ 4205239.71395265031606, 8215586.424719479866326 ], [ 4205239.71395265031606, 8215589.009702255018055 ], [ 4205244.883918201550841, 8215589.009702255018055 ], [ 4205244.883918201550841, 8215591.594685031101108 ], [ 4205247.468900976702571, 8215591.594685031101108 ], [ 4205247.468900976702571, 8215594.179667806252837 ], [ 4205250.0538837518543, 8215594.179667806252837 ], [ 4205250.0538837518543, 8215599.349633357487619 ], [ 4205252.638866527937353, 8215599.349633357487619 ], [ 4205252.638866527937353, 8215601.934616132639349 ], [ 4205255.223849303089082, 8215601.934616132639349 ], [ 4205255.223849303089082, 8215604.519598907791078 ], [ 4205260.393814854323864, 8215604.519598907791078 ], [ 4205260.393814854323864, 8215607.10458168387413 ], [ 4205262.978797629475594, 8215607.10458168387413 ], [ 4205262.978797629475594, 8215609.68956445902586 ], [ 4205265.563780405558646, 8215609.68956445902586 ], [ 4205265.563780405558646, 8215612.274547234177589 ], [ 4205268.148763180710375, 8215612.274547234177589 ], [ 4205268.148763180710375, 8215614.859530010260642 ], [ 4205270.733745955862105, 8215614.859530010260642 ], [ 4205270.733745955862105, 8215620.029495560564101 ], [ 4205273.318728731945157, 8215620.029495560564101 ], [ 4205273.318728731945157, 8215630.369426663033664 ], [ 4205275.903711507096887, 8215630.369426663033664 ], [ 4205275.903711507096887, 8215632.954409438185394 ], [ 4205278.488694282248616, 8215632.954409438185394 ], [ 4205278.488694282248616, 8215638.124374989420176 ], [ 4205281.073677058331668, 8215638.124374989420176 ], [ 4205281.073677058331668, 8215645.879323315806687 ], [ 4205283.658659833483398, 8215645.879323315806687 ], [ 4205283.658659833483398, 8215651.049288866110146 ], [ 4205286.243642608635128, 8215651.049288866110146 ], [ 4205286.243642608635128, 8215653.634271642193198 ], [ 4205288.82862538471818, 8215653.634271642193198 ], [ 4205288.82862538471818, 8215656.219254417344928 ], [ 4205291.413608159869909, 8215656.219254417344928 ], [ 4205291.413608159869909, 8215661.38921996857971 ], [ 4205293.998590935021639, 8215661.38921996857971 ], [ 4205293.998590935021639, 8215663.974202743731439 ], [ 4205296.583573711104691, 8215663.974202743731439 ], [ 4205296.583573711104691, 8215666.559185518883169 ], [ 4205299.168556486256421, 8215666.559185518883169 ], [ 4205299.168556486256421, 8215669.144168294966221 ], [ 4205301.75353926140815, 8215669.144168294966221 ], [ 4205301.75353926140815, 8215671.72915107011795 ], [ 4205304.338522037491202, 8215671.72915107011795 ], [ 4205304.338522037491202, 8215676.899116621352732 ], [ 4205306.923504812642932, 8215676.899116621352732 ], [ 4205306.923504812642932, 8215679.484099396504462 ], [ 4205309.508487587794662, 8215679.484099396504462 ], [ 4205309.508487587794662, 8215682.069082171656191 ], [ 4205312.093470363877714, 8215682.069082171656191 ], [ 4205312.093470363877714, 8215684.654064947739244 ], [ 4205317.263435914181173, 8215684.654064947739244 ], [ 4205317.263435914181173, 8215687.239047722890973 ], [ 4205322.433401465415955, 8215687.239047722890973 ], [ 4205322.433401465415955, 8215689.824030498974025 ], [ 4205325.018384240567684, 8215689.824030498974025 ], [ 4205325.018384240567684, 8215692.409013274125755 ], [ 4205330.188349791802466, 8215692.409013274125755 ], [ 4205330.188349791802466, 8215694.993996049277484 ], [ 4205335.358315343037248, 8215694.993996049277484 ], [ 4205335.358315343037248, 8215697.578978825360537 ], [ 4205337.943298118188977, 8215697.578978825360537 ], [ 4205337.943298118188977, 8215700.163961600512266 ], [ 4205343.113263669423759, 8215700.163961600512266 ], [ 4205343.113263669423759, 8215702.748944375663996 ], [ 4205345.698246444575489, 8215702.748944375663996 ], [ 4205345.698246444575489, 8215705.333927151747048 ], [ 4205348.283229219727218, 8215705.333927151747048 ], [ 4205348.283229219727218, 8215707.918909926898777 ], [ 4205350.86821199581027, 8215707.918909926898777 ], [ 4205350.86821199581027, 8215723.4288065796718 ], [ 4205353.453194770962, 8215723.4288065796718 ], [ 4205353.453194770962, 8215726.01378935482353 ], [ 4205356.038177547045052, 8215726.01378935482353 ], [ 4205356.038177547045052, 8215731.183754906058311 ], [ 4205358.623160322196782, 8215731.183754906058311 ], [ 4205358.623160322196782, 8215736.353720457293093 ], [ 4205361.208143097348511, 8215736.353720457293093 ], [ 4205361.208143097348511, 8215741.523686007596552 ], [ 4205363.793125873431563, 8215741.523686007596552 ], [ 4205363.793125873431563, 8215746.693651558831334 ], [ 4205368.963091423735023, 8215746.693651558831334 ], [ 4205368.963091423735023, 8215749.278634333983064 ], [ 4205371.548074199818075, 8215749.278634333983064 ], [ 4205371.548074199818075, 8215751.863617110066116 ], [ 4205374.133056974969804, 8215751.863617110066116 ], [ 4205374.133056974969804, 8215754.448599885217845 ], [ 4205376.718039750121534, 8215754.448599885217845 ], [ 4205376.718039750121534, 8215757.033582660369575 ], [ 4205379.303022526204586, 8215757.033582660369575 ], [ 4205379.303022526204586, 8215759.618565436452627 ], [ 4205381.888005301356316, 8215759.618565436452627 ], [ 4205381.888005301356316, 8215762.203548211604357 ], [ 4205384.472988076508045, 8215762.203548211604357 ], [ 4205384.472988076508045, 8215767.373513762839139 ], [ 4205387.057970852591097, 8215767.373513762839139 ], [ 4205387.057970852591097, 8215780.298427639529109 ], [ 4205389.642953627742827, 8215780.298427639529109 ], [ 4205389.642953627742827, 8215790.638358741998672 ], [ 4205392.227936402894557, 8215790.638358741998672 ], [ 4205392.227936402894557, 8215795.808324293233454 ], [ 4205394.812919178977609, 8215795.808324293233454 ], [ 4205394.812919178977609, 8215800.978289843536913 ], [ 4205397.397901954129338, 8215800.978289843536913 ], [ 4205397.397901954129338, 8215803.563272619619966 ], [ 4205399.982884729281068, 8215803.563272619619966 ], [ 4205399.982884729281068, 8215806.148255394771695 ], [ 4205402.56786750536412, 8215806.148255394771695 ], [ 4205402.56786750536412, 8215813.903203721158206 ], [ 4205405.15285028051585, 8215813.903203721158206 ], [ 4205405.15285028051585, 8215826.8281175987795 ], [ 4205407.737833055667579, 8215826.8281175987795 ], [ 4205407.737833055667579, 8215834.583065925166011 ], [ 4205410.322815831750631, 8215834.583065925166011 ], [ 4205410.322815831750631, 8215839.75303147546947 ], [ 4205412.907798606902361, 8215839.75303147546947 ], [ 4205412.907798606902361, 8215844.922997026704252 ], [ 4205415.49278138205409, 8215844.922997026704252 ], [ 4205415.49278138205409, 8215850.092962577939034 ], [ 4205418.077764158137143, 8215850.092962577939034 ], [ 4205418.077764158137143, 8215860.432893679477274 ], [ 4205420.662746933288872, 8215860.432893679477274 ], [ 4205420.662746933288872, 8215865.602859230712056 ], [ 4205423.247729708440602, 8215865.602859230712056 ], [ 4205423.247729708440602, 8215873.357807557098567 ], [ 4205425.832712484523654, 8215873.357807557098567 ], [ 4205425.832712484523654, 8215881.112755883485079 ], [ 4205428.417695259675384, 8215881.112755883485079 ], [ 4205428.417695259675384, 8215891.45268698502332 ], [ 4205431.002678034827113, 8215891.45268698502332 ], [ 4205431.002678034827113, 8215909.547566413879395 ], [ 4205433.587660810910165, 8215909.547566413879395 ], [ 4205433.587660810910165, 8215927.642445841804147 ], [ 4205436.172643586061895, 8215927.642445841804147 ], [ 4205436.172643586061895, 8215984.512066902592778 ], [ 4205438.757626361213624, 8215984.512066902592778 ], [ 4205438.757626361213624, 8216007.776911881752312 ], [ 4205436.172643586061895, 8216007.776911881752312 ], [ 4205436.172643586061895, 8216023.286808534525335 ], [ 4205438.757626361213624, 8216023.286808534525335 ], [ 4205438.757626361213624, 8216028.456774084828794 ], [ 4205441.342609137296677, 8216028.456774084828794 ], [ 4205441.342609137296677, 8216031.041756860911846 ], [ 4205443.927591912448406, 8216031.041756860911846 ], [ 4205443.927591912448406, 8216036.211722411215305 ], [ 4205446.512574688531458, 8216036.211722411215305 ], [ 4205446.512574688531458, 8216038.796705187298357 ], [ 4205449.097557463683188, 8216038.796705187298357 ], [ 4205449.097557463683188, 8216041.381687962450087 ], [ 4205451.682540238834918, 8216041.381687962450087 ], [ 4205451.682540238834918, 8216043.966670737601817 ], [ 4205454.26752301491797, 8216043.966670737601817 ], [ 4205454.26752301491797, 8216046.551653513684869 ], [ 4205459.437488565221429, 8216046.551653513684869 ], [ 4205459.437488565221429, 8216049.136636288836598 ], [ 4205464.607454116456211, 8216049.136636288836598 ], [ 4205464.607454116456211, 8216051.721619063988328 ], [ 4205467.19243689160794, 8216051.721619063988328 ], [ 4205467.19243689160794, 8216056.89158461522311 ], [ 4205469.777419667690992, 8216056.89158461522311 ], [ 4205469.777419667690992, 8216059.476567390374839 ], [ 4205472.362402442842722, 8216059.476567390374839 ], [ 4205472.362402442842722, 8216062.061550166457891 ], [ 4205474.947385217994452, 8216062.061550166457891 ], [ 4205474.947385217994452, 8216067.231515716761351 ], [ 4205477.532367994077504, 8216067.231515716761351 ], [ 4205477.532367994077504, 8216069.816498492844403 ], [ 4205480.117350769229233, 8216069.816498492844403 ], [ 4205480.117350769229233, 8216072.401481267996132 ], [ 4205482.702333544380963, 8216072.401481267996132 ], [ 4205482.702333544380963, 8216074.986464044079185 ], [ 4205485.287316320464015, 8216074.986464044079185 ], [ 4205485.287316320464015, 8216077.571446819230914 ], [ 4205487.872299095615745, 8216077.571446819230914 ], [ 4205487.872299095615745, 8216082.741412370465696 ], [ 4205490.457281870767474, 8216082.741412370465696 ], [ 4205490.457281870767474, 8216085.326395145617425 ], [ 4205493.042264646850526, 8216085.326395145617425 ], [ 4205493.042264646850526, 8216093.081343472003937 ], [ 4205495.627247422002256, 8216093.081343472003937 ], [ 4205495.627247422002256, 8216098.251309023238719 ], [ 4205498.212230197153986, 8216098.251309023238719 ], [ 4205498.212230197153986, 8216103.421274573542178 ], [ 4205500.797212973237038, 8216103.421274573542178 ], [ 4205500.797212973237038, 8216106.00625734962523 ], [ 4205503.382195748388767, 8216106.00625734962523 ], [ 4205503.382195748388767, 8216118.9311712263152 ], [ 4205505.967178523540497, 8216118.9311712263152 ], [ 4205505.967178523540497, 8216124.101136777549982 ], [ 4205508.552161299623549, 8216124.101136777549982 ], [ 4205508.552161299623549, 8216131.856085103936493 ], [ 4205511.137144074775279, 8216131.856085103936493 ], [ 4205511.137144074775279, 8216139.611033430323005 ], [ 4205513.722126849927008, 8216139.611033430323005 ], [ 4205513.722126849927008, 8216144.780998981557786 ], [ 4205516.30710962601006, 8216144.780998981557786 ], [ 4205516.30710962601006, 8216149.950964531861246 ], [ 4205518.89209240116179, 8216149.950964531861246 ], [ 4205518.89209240116179, 8216157.705912858247757 ], [ 4205521.477075176313519, 8216157.705912858247757 ], [ 4205521.477075176313519, 8216162.875878409482539 ], [ 4205524.062057952396572, 8216162.875878409482539 ], [ 4205524.062057952396572, 8216168.04584396071732 ], [ 4205526.647040727548301, 8216168.04584396071732 ], [ 4205526.647040727548301, 8216173.215809511952102 ], [ 4205529.232023502700031, 8216173.215809511952102 ], [ 4205529.232023502700031, 8216178.385775062255561 ], [ 4205531.817006278783083, 8216178.385775062255561 ], [ 4205531.817006278783083, 8216183.555740613490343 ], [ 4205534.401989053934813, 8216183.555740613490343 ], [ 4205534.401989053934813, 8216188.725706164725125 ], [ 4205536.986971829086542, 8216188.725706164725125 ], [ 4205536.986971829086542, 8216193.895671715028584 ], [ 4205539.571954605169594, 8216193.895671715028584 ], [ 4205539.571954605169594, 8216199.065637266263366 ], [ 4205542.156937380321324, 8216199.065637266263366 ], [ 4205542.156937380321324, 8216201.650620041415095 ], [ 4205544.741920156404376, 8216201.650620041415095 ], [ 4205544.741920156404376, 8216206.820585592649877 ], [ 4205549.911885706707835, 8216206.820585592649877 ], [ 4205549.911885706707835, 8216209.405568367801607 ], [ 4205552.496868482790887, 8216209.405568367801607 ], [ 4205552.496868482790887, 8216214.575533919036388 ], [ 4205555.081851257942617, 8216214.575533919036388 ], [ 4205555.081851257942617, 8216222.3304822454229 ], [ 4205557.666834033094347, 8216222.3304822454229 ], [ 4205557.666834033094347, 8216230.085430571809411 ], [ 4205560.251816809177399, 8216230.085430571809411 ], [ 4205560.251816809177399, 8216235.255396123044193 ], [ 4205562.836799584329128, 8216235.255396123044193 ], [ 4205562.836799584329128, 8216240.425361673347652 ], [ 4205565.421782359480858, 8216240.425361673347652 ], [ 4205565.421782359480858, 8216245.595327224582434 ], [ 4205568.00676513556391, 8216245.595327224582434 ], [ 4205568.00676513556391, 8216248.180309999734163 ], [ 4205570.59174791071564, 8216248.180309999734163 ], [ 4205570.59174791071564, 8216253.350275550968945 ], [ 4205573.176730685867369, 8216253.350275550968945 ], [ 4205573.176730685867369, 8216258.520241102203727 ], [ 4205575.761713461950421, 8216258.520241102203727 ], [ 4205575.761713461950421, 8216263.690206653438509 ], [ 4205578.346696237102151, 8216263.690206653438509 ], [ 4205578.346696237102151, 8216266.275189428590238 ], [ 4205580.931679012253881, 8216266.275189428590238 ], [ 4205580.931679012253881, 8216271.44515497982502 ], [ 4205583.516661788336933, 8216271.44515497982502 ], [ 4205583.516661788336933, 8216276.615120530128479 ], [ 4205586.101644563488662, 8216276.615120530128479 ], [ 4205586.101644563488662, 8216279.200103306211531 ], [ 4205588.686627338640392, 8216279.200103306211531 ], [ 4205588.686627338640392, 8216281.785086081363261 ], [ 4205591.271610114723444, 8216281.785086081363261 ], [ 4205591.271610114723444, 8216284.37006885651499 ], [ 4205593.856592889875174, 8216284.37006885651499 ], [ 4205593.856592889875174, 8216289.540034407749772 ], [ 4205596.441575665026903, 8216289.540034407749772 ], [ 4205596.441575665026903, 8216292.125017182901502 ], [ 4205599.026558441109955, 8216292.125017182901502 ], [ 4205599.026558441109955, 8216294.709999958984554 ], [ 4205601.611541216261685, 8216294.709999958984554 ], [ 4205601.611541216261685, 8216297.294982734136283 ], [ 4205604.196523991413414, 8216297.294982734136283 ], [ 4205604.196523991413414, 8216299.879965509288013 ], [ 4205606.781506767496467, 8216299.879965509288013 ], [ 4205606.781506767496467, 8216302.464948285371065 ], [ 4205609.366489542648196, 8216302.464948285371065 ], [ 4205609.366489542648196, 8216305.049931060522795 ], [ 4205611.951472317799926, 8216305.049931060522795 ], [ 4205611.951472317799926, 8216307.634913835674524 ], [ 4205614.536455093882978, 8216307.634913835674524 ], [ 4205614.536455093882978, 8216310.219896611757576 ], [ 4205617.121437869034708, 8216310.219896611757576 ], [ 4205617.121437869034708, 8216317.974844938144088 ], [ 4205619.706420644186437, 8216317.974844938144088 ], [ 4205619.706420644186437, 8216323.144810488447547 ], [ 4205617.121437869034708, 8216323.144810488447547 ], [ 4205617.121437869034708, 8216328.314776039682329 ], [ 4205614.536455093882978, 8216328.314776039682329 ], [ 4205614.536455093882978, 8216333.48474159091711 ], [ 4205611.951472317799926, 8216333.48474159091711 ], [ 4205611.951472317799926, 8216336.06972436606884 ], [ 4205609.366489542648196, 8216336.06972436606884 ], [ 4205609.366489542648196, 8216341.239689917303622 ], [ 4205604.196523991413414, 8216341.239689917303622 ], [ 4205604.196523991413414, 8216343.824672692455351 ], [ 4205601.611541216261685, 8216343.824672692455351 ], [ 4205601.611541216261685, 8216346.409655467607081 ], [ 4205596.441575665026903, 8216346.409655467607081 ], [ 4205596.441575665026903, 8216348.994638243690133 ], [ 4205591.271610114723444, 8216348.994638243690133 ], [ 4205591.271610114723444, 8216351.579621018841863 ], [ 4205588.686627338640392, 8216351.579621018841863 ], [ 4205588.686627338640392, 8216354.164603793993592 ], [ 4205586.101644563488662, 8216354.164603793993592 ], [ 4205586.101644563488662, 8216356.749586570076644 ], [ 4205583.516661788336933, 8216356.749586570076644 ], [ 4205583.516661788336933, 8216361.919552121311426 ], [ 4205580.931679012253881, 8216361.919552121311426 ], [ 4205580.931679012253881, 8216372.259483222849667 ], [ 4205578.346696237102151, 8216372.259483222849667 ], [ 4205578.346696237102151, 8216387.76937987562269 ], [ 4205575.761713461950421, 8216387.76937987562269 ], [ 4205575.761713461950421, 8216398.109310977160931 ], [ 4205573.176730685867369, 8216398.109310977160931 ], [ 4205573.176730685867369, 8216400.694293753243983 ], [ 4205570.59174791071564, 8216400.694293753243983 ], [ 4205570.59174791071564, 8216403.279276528395712 ], [ 4205562.836799584329128, 8216403.279276528395712 ], [ 4205562.836799584329128, 8216398.109310977160931 ], [ 4205560.251816809177399, 8216398.109310977160931 ], [ 4205560.251816809177399, 8216392.939345426857471 ], [ 4205557.666834033094347, 8216392.939345426857471 ], [ 4205557.666834033094347, 8216387.76937987562269 ], [ 4205555.081851257942617, 8216387.76937987562269 ], [ 4205555.081851257942617, 8216385.18439710047096 ], [ 4205552.496868482790887, 8216385.18439710047096 ], [ 4205552.496868482790887, 8216382.599414324387908 ], [ 4205549.911885706707835, 8216382.599414324387908 ], [ 4205549.911885706707835, 8216380.014431549236178 ], [ 4205542.156937380321324, 8216380.014431549236178 ], [ 4205542.156937380321324, 8216377.429448774084449 ], [ 4205531.817006278783083, 8216377.429448774084449 ], [ 4205531.817006278783083, 8216380.014431549236178 ], [ 4205513.722126849927008, 8216380.014431549236178 ], [ 4205513.722126849927008, 8216382.599414324387908 ], [ 4205503.382195748388767, 8216382.599414324387908 ], [ 4205503.382195748388767, 8216385.18439710047096 ], [ 4205490.457281870767474, 8216385.18439710047096 ], [ 4205490.457281870767474, 8216387.76937987562269 ], [ 4205477.532367994077504, 8216387.76937987562269 ], [ 4205477.532367994077504, 8216390.354362650774419 ], [ 4205451.682540238834918, 8216390.354362650774419 ], [ 4205451.682540238834918, 8216387.76937987562269 ], [ 4205423.247729708440602, 8216387.76937987562269 ], [ 4205423.247729708440602, 8216390.354362650774419 ], [ 4205402.56786750536412, 8216390.354362650774419 ], [ 4205402.56786750536412, 8216392.939345426857471 ], [ 4205394.812919178977609, 8216392.939345426857471 ], [ 4205394.812919178977609, 8216395.524328202009201 ], [ 4205389.642953627742827, 8216395.524328202009201 ], [ 4205389.642953627742827, 8216398.109310977160931 ], [ 4205384.472988076508045, 8216398.109310977160931 ], [ 4205384.472988076508045, 8216400.694293753243983 ], [ 4205379.303022526204586, 8216400.694293753243983 ], [ 4205379.303022526204586, 8216403.279276528395712 ], [ 4205374.133056974969804, 8216403.279276528395712 ], [ 4205374.133056974969804, 8216405.864259303547442 ], [ 4205368.963091423735023, 8216405.864259303547442 ], [ 4205368.963091423735023, 8216408.449242079630494 ], [ 4205361.208143097348511, 8216408.449242079630494 ], [ 4205361.208143097348511, 8216411.034224854782224 ], [ 4205353.453194770962, 8216411.034224854782224 ], [ 4205353.453194770962, 8216413.619207629933953 ], [ 4205343.113263669423759, 8216413.619207629933953 ], [ 4205343.113263669423759, 8216416.204190406017005 ], [ 4205337.943298118188977, 8216416.204190406017005 ], [ 4205337.943298118188977, 8216418.789173181168735 ], [ 4205332.773332566954195, 8216418.789173181168735 ], [ 4205332.773332566954195, 8216421.374155956320465 ], [ 4205325.018384240567684, 8216421.374155956320465 ], [ 4205325.018384240567684, 8216423.959138732403517 ], [ 4205301.75353926140815, 8216423.959138732403517 ] ] ] } },
{ "type": "Feature", "properties": { "class": 1 }, "geometry": { "type": "Polygon", "coordinates": [ [ [ 4205219.034090446308255, 8214971.198818917386234 ], [ 4205219.034090446308255, 8214968.613836142234504 ], [ 4205195.769245467148721, 8214968.613836142234504 ], [ 4205195.769245467148721, 8214966.028853367082775 ], [ 4205182.844331590458751, 8214966.028853367082775 ], [ 4205182.844331590458751, 8214963.443870590999722 ], [ 4205177.674366039223969, 8214963.443870590999722 ], [ 4205177.674366039223969, 8214960.858887815847993 ], [ 4205172.504400487989187, 8214960.858887815847993 ], [ 4205172.504400487989187, 8214958.273905040696263 ], [ 4205169.919417712837458, 8214958.273905040696263 ], [ 4205169.919417712837458, 8214955.688922264613211 ], [ 4205167.334434937685728, 8214955.688922264613211 ], [ 4205167.334434937685728, 8214950.518956714309752 ], [ 4205164.749452161602676, 8214950.518956714309752 ], [ 4205164.749452161602676, 8214947.9339739382267 ], [ 4205162.164469386450946, 8214947.9339739382267 ], [ 4205162.164469386450946, 8214945.34899116307497 ], [ 4205159.579486611299217, 8214945.34899116307497 ], [ 4205159.579486611299217, 8214940.179025611840189 ], [ 4205156.994503835216165, 8214940.179025611840189 ], [ 4205156.994503835216165, 8214932.424077285453677 ], [ 4205154.409521060064435, 8214932.424077285453677 ], [ 4205154.409521060064435, 8214927.254111735150218 ], [ 4205151.824538283981383, 8214927.254111735150218 ], [ 4205151.824538283981383, 8214919.499163408763707 ], [ 4205149.239555508829653, 8214919.499163408763707 ], [ 4205149.239555508829653, 8214911.744215081445873 ], [ 4205146.654572733677924, 8214911.744215081445873 ], [ 4205146.654572733677924, 8214909.159232306294143 ], [ 4205144.069589957594872, 8214909.159232306294143 ], [ 4205144.069589957594872, 8214898.819301204755902 ], [ 4205141.484607182443142, 8214898.819301204755902 ], [ 4205141.484607182443142, 8214867.799507899209857 ], [ 4205138.899624407291412, 8214867.799507899209857 ], [ 4205138.899624407291412, 8214860.044559572823346 ], [ 4205136.31464163120836, 8214860.044559572823346 ], [ 4205136.31464163120836, 8214854.874594021588564 ], [ 4205133.729658856056631, 8214854.874594021588564 ], [ 4205133.729658856056631, 8214836.779714593663812 ], [ 4205131.144676080904901, 8214836.779714593663812 ], [ 4205131.144676080904901, 8214834.19473181758076 ], [ 4205133.729658856056631, 8214834.19473181758076 ], [ 4205133.729658856056631, 8214813.514869613572955 ], [ 4205131.144676080904901, 8214813.514869613572955 ], [ 4205131.144676080904901, 8214787.665041859261692 ], [ 4205133.729658856056631, 8214787.665041859261692 ], [ 4205133.729658856056631, 8214779.91009353287518 ], [ 4205136.31464163120836, 8214779.91009353287518 ], [ 4205136.31464163120836, 8214774.740127981640399 ], [ 4205138.899624407291412, 8214774.740127981640399 ], [ 4205138.899624407291412, 8214772.155145206488669 ], [ 4205141.484607182443142, 8214772.155145206488669 ], [ 4205141.484607182443142, 8214769.570162431336939 ], [ 4205144.069589957594872, 8214769.570162431336939 ], [ 4205144.069589957594872, 8214764.400196880102158 ], [ 4205146.654572733677924, 8214764.400196880102158 ], [ 4205146.654572733677924, 8214761.815214104950428 ], [ 4205149.239555508829653, 8214761.815214104950428 ], [ 4205149.239555508829653, 8214759.230231328867376 ], [ 4205151.824538283981383, 8214759.230231328867376 ], [ 4205151.824538283981383, 8214756.645248553715646 ], [ 4205154.409521060064435, 8214756.645248553715646 ], [ 4205154.409521060064435, 8214754.060265778563917 ], [ 4205156.994503835216165, 8214754.060265778563917 ], [ 4205156.994503835216165, 8214751.475283002480865 ], [ 4205159.579486611299217, 8214751.475283002480865 ], [ 4205159.579486611299217, 8214746.305317452177405 ], [ 4205162.164469386450946, 8214746.305317452177405 ], [ 4205162.164469386450946, 8214743.720334676094353 ], [ 4205164.749452161602676, 8214743.720334676094353 ], [ 4205164.749452161602676, 8214730.795420799404383 ], [ 4205167.334434937685728, 8214730.795420799404383 ], [ 4205167.334434937685728, 8214725.625455248169601 ], [ 4205164.749452161602676, 8214725.625455248169601 ], [ 4205164.749452161602676, 8214658.415903085842729 ], [ 4205167.334434937685728, 8214658.415903085842729 ], [ 4205167.334434937685728, 8214650.660954759456217 ], [ 4205169.919417712837458, 8214650.660954759456217 ], [ 4205169.919417712837458, 8214645.490989208221436 ], [ 4205172.504400487989187, 8214645.490989208221436 ], [ 4205172.504400487989187, 8214642.906006433069706 ], [ 4205177.674366039223969, 8214642.906006433069706 ], [ 4205177.674366039223969, 8214640.321023657917976 ], [ 4205188.01429714076221, 8214640.321023657917976 ], [ 4205188.01429714076221, 8214637.736040881834924 ], [ 4205195.769245467148721, 8214637.736040881834924 ], [ 4205195.769245467148721, 8214635.151058106683195 ], [ 4205198.354228243231773, 8214635.151058106683195 ], [ 4205198.354228243231773, 8214632.566075331531465 ], [ 4205206.109176569618285, 8214632.566075331531465 ], [ 4205206.109176569618285, 8214629.981092555448413 ], [ 4205211.279142119921744, 8214629.981092555448413 ], [ 4205211.279142119921744, 8214627.396109780296683 ], [ 4205216.449107671156526, 8214627.396109780296683 ], [ 4205216.449107671156526, 8214624.811127004213631 ], [ 4205229.374021548777819, 8214624.811127004213631 ], [ 4205229.374021548777819, 8214622.226144229061902 ], [ 4205237.12896987516433, 8214622.226144229061902 ], [ 4205237.12896987516433, 8214624.811127004213631 ], [ 4205244.883918201550841, 8214624.811127004213631 ], [ 4205244.883918201550841, 8214627.396109780296683 ], [ 4205250.0538837518543, 8214627.396109780296683 ], [ 4205250.0538837518543, 8214629.981092555448413 ], [ 4205255.223849303089082, 8214629.981092555448413 ], [ 4205255.223849303089082, 8214632.566075331531465 ], [ 4205257.808832079172134, 8214632.566075331531465 ], [ 4205257.808832079172134, 8214635.151058106683195 ], [ 4205262.978797629475594, 8214635.151058106683195 ], [ 4205262.978797629475594, 8214637.736040881834924 ], [ 4205265.563780405558646, 8214637.736040881834924 ], [ 4205265.563780405558646, 8214642.906006433069706 ], [ 4205268.148763180710375, 8214642.906006433069706 ], [ 4205268.148763180710375, 8214645.490989208221436 ], [ 4205270.733745955862105, 8214645.490989208221436 ], [ 4205270.733745955862105, 8214650.660954759456217 ], [ 4205273.318728731945157, 8214650.660954759456217 ], [ 4205273.318728731945157, 8214653.245937534607947 ], [ 4205275.903711507096887, 8214653.245937534607947 ], [ 4205275.903711507096887, 8214658.415903085842729 ], [ 4205278.488694282248616, 8214658.415903085842729 ], [ 4205278.488694282248616, 8214661.000885860994458 ], [ 4205281.073677058331668, 8214661.000885860994458 ], [ 4205281.073677058331668, 8214666.17085141222924 ], [ 4205283.658659833483398, 8214666.17085141222924 ], [ 4205283.658659833483398, 8214668.75583418738097 ], [ 4205286.243642608635128, 8214668.75583418738097 ], [ 4205286.243642608635128, 8214671.340816963464022 ], [ 4205288.82862538471818, 8214671.340816963464022 ], [ 4205288.82862538471818, 8214673.925799738615751 ], [ 4205293.998590935021639, 8214673.925799738615751 ], [ 4205293.998590935021639, 8214676.510782513767481 ], [ 4205296.583573711104691, 8214676.510782513767481 ], [ 4205296.583573711104691, 8214679.095765289850533 ], [ 4205301.75353926140815, 8214679.095765289850533 ], [ 4205301.75353926140815, 8214681.680748065002263 ], [ 4205306.923504812642932, 8214681.680748065002263 ], [ 4205306.923504812642932, 8214684.265730840153992 ], [ 4205309.508487587794662, 8214684.265730840153992 ], [ 4205309.508487587794662, 8214689.435696391388774 ], [ 4205312.093470363877714, 8214689.435696391388774 ], [ 4205312.093470363877714, 8214697.190644717775285 ], [ 4205314.678453139029443, 8214697.190644717775285 ], [ 4205314.678453139029443, 8214707.530575819313526 ], [ 4205317.263435914181173, 8214707.530575819313526 ], [ 4205317.263435914181173, 8214723.040472472086549 ], [ 4205319.848418690264225, 8214723.040472472086549 ], [ 4205319.848418690264225, 8214728.210438023321331 ], [ 4205322.433401465415955, 8214728.210438023321331 ], [ 4205322.433401465415955, 8214741.135351900942624 ], [ 4205325.018384240567684, 8214741.135351900942624 ], [ 4205325.018384240567684, 8214754.060265778563917 ], [ 4205327.603367016650736, 8214754.060265778563917 ], [ 4205327.603367016650736, 8214766.985179655253887 ], [ 4205330.188349791802466, 8214766.985179655253887 ], [ 4205330.188349791802466, 8214777.325110757723451 ], [ 4205327.603367016650736, 8214777.325110757723451 ], [ 4205327.603367016650736, 8214792.835007410496473 ], [ 4205325.018384240567684, 8214792.835007410496473 ], [ 4205325.018384240567684, 8214805.759921287186444 ], [ 4205322.433401465415955, 8214805.759921287186444 ], [ 4205322.433401465415955, 8214816.099852389656007 ], [ 4205319.848418690264225, 8214816.099852389656007 ], [ 4205319.848418690264225, 8214823.854800716042519 ], [ 4205317.263435914181173, 8214823.854800716042519 ], [ 4205317.263435914181173, 8214829.0247662672773 ], [ 4205314.678453139029443, 8214829.0247662672773 ], [ 4205314.678453139029443, 8214836.779714593663812 ], [ 4205312.093470363877714, 8214836.779714593663812 ], [ 4205312.093470363877714, 8214875.554456225596368 ], [ 4205309.508487587794662, 8214875.554456225596368 ], [ 4205309.508487587794662, 8214885.894387327134609 ], [ 4205306.923504812642932, 8214885.894387327134609 ], [ 4205306.923504812642932, 8214901.404283979907632 ], [ 4205304.338522037491202, 8214901.404283979907632 ], [ 4205304.338522037491202, 8214911.744215081445873 ], [ 4205301.75353926140815, 8214911.744215081445873 ], [ 4205301.75353926140815, 8214922.084146183915436 ], [ 4205299.168556486256421, 8214922.084146183915436 ], [ 4205299.168556486256421, 8214929.839094510301948 ], [ 4205296.583573711104691, 8214929.839094510301948 ], [ 4205296.583573711104691, 8214935.009060061536729 ], [ 4205293.998590935021639, 8214935.009060061536729 ], [ 4205293.998590935021639, 8214940.179025611840189 ], [ 4205291.413608159869909, 8214940.179025611840189 ], [ 4205291.413608159869909, 8214945.34899116307497 ], [ 4205288.82862538471818, 8214945.34899116307497 ], [ 4205288.82862538471818, 8214950.518956714309752 ], [ 4205286.243642608635128, 8214950.518956714309752 ], [ 4205286.243642608635128, 8214955.688922264613211 ], [ 4205283.658659833483398, 8214955.688922264613211 ], [ 4205283.658659833483398, 8214958.273905040696263 ], [ 4205281.073677058331668, 8214958.273905040696263 ], [ 4205281.073677058331668, 8214960.858887815847993 ], [ 4205278.488694282248616, 8214960.858887815847993 ], [ 4205278.488694282248616, 8214963.443870590999722 ], [ 4205273.318728731945157, 8214963.443870590999722 ], [ 4205273.318728731945157, 8214966.028853367082775 ], [ 4205262.978797629475594, 8214966.028853367082775 ], [ 4205262.978797629475594, 8214968.613836142234504 ], [ 4205252.638866527937353, 8214968.613836142234504 ], [ 4205252.638866527937353, 8214971.198818917386234 ], [ 4205219.034090446308255, 8214971.198818917386234 ] ] ] } },
{ "type": "Feature", "properties": { "class": 1 }, "geometry": { "type": "Polygon", "coordinates": [ [ [ 4205167.334434937685728, 8214575.696454270742834 ], [ 4205167.334434937685728, 8214573.111471495591104 ], [ 4205162.164469386450946, 8214573.111471495591104 ], [ 4205162.164469386450946, 8214570.526488719508052 ], [ 4205159.579486611299217, 8214570.526488719508052 ], [ 4205159.579486611299217, 8214567.941505944356322 ], [ 4205156.994503835216165, 8214567.941505944356322 ], [ 4205156.994503835216165, 8214565.356523169204593 ], [ 4205154.409521060064435, 8214565.356523169204593 ], [ 4205154.409521060064435, 8214560.186557617969811 ], [ 4205151.824538283981383, 8214560.186557617969811 ], [ 4205151.824538283981383, 8214555.016592066735029 ], [ 4205149.239555508829653, 8214555.016592066735029 ], [ 4205149.239555508829653, 8214549.84662651643157 ], [ 4205146.654572733677924, 8214549.84662651643157 ], [ 4205146.654572733677924, 8214544.676660965196788 ], [ 4205144.069589957594872, 8214544.676660965196788 ], [ 4205144.069589957594872, 8214539.506695413962007 ], [ 4205141.484607182443142, 8214539.506695413962007 ], [ 4205141.484607182443142, 8214531.751747087575495 ], [ 4205138.899624407291412, 8214531.751747087575495 ], [ 4205138.899624407291412, 8214518.826833209954202 ], [ 4205136.31464163120836, 8214518.826833209954202 ], [ 4205136.31464163120836, 8214495.561988230794668 ], [ 4205133.729658856056631, 8214495.561988230794668 ], [ 4205133.729658856056631, 8214472.297143251635134 ], [ 4205131.144676080904901, 8214472.297143251635134 ], [ 4205131.144676080904901, 8214451.617281048558652 ], [ 4205133.729658856056631, 8214451.617281048558652 ], [ 4205133.729658856056631, 8214443.862332722172141 ], [ 4205136.31464163120836, 8214443.862332722172141 ], [ 4205136.31464163120836, 8214436.107384394854307 ], [ 4205138.899624407291412, 8214436.107384394854307 ], [ 4205138.899624407291412, 8214428.352436068467796 ], [ 4205144.069589957594872, 8214428.352436068467796 ], [ 4205144.069589957594872, 8214425.767453293316066 ], [ 4205149.239555508829653, 8214425.767453293316066 ], [ 4205149.239555508829653, 8214423.182470518164337 ], [ 4205154.409521060064435, 8214423.182470518164337 ], [ 4205154.409521060064435, 8214420.597487742081285 ], [ 4205156.994503835216165, 8214420.597487742081285 ], [ 4205156.994503835216165, 8214418.012504966929555 ], [ 4205162.164469386450946, 8214418.012504966929555 ], [ 4205162.164469386450946, 8214415.427522191777825 ], [ 4205164.749452161602676, 8214415.427522191777825 ], [ 4205164.749452161602676, 8214412.842539415694773 ], [ 4205167.334434937685728, 8214412.842539415694773 ], [ 4205167.334434937685728, 8214407.672573865391314 ], [ 4205169.919417712837458, 8214407.672573865391314 ], [ 4205169.919417712837458, 8214405.087591089308262 ], [ 4205172.504400487989187, 8214405.087591089308262 ], [ 4205172.504400487989187, 8214402.502608314156532 ], [ 4205175.089383264072239, 8214402.502608314156532 ], [ 4205175.089383264072239, 8214399.917625539004803 ], [ 4205177.674366039223969, 8214399.917625539004803 ], [ 4205177.674366039223969, 8214397.332642762921751 ], [ 4205182.844331590458751, 8214397.332642762921751 ], [ 4205182.844331590458751, 8214394.747659987770021 ], [ 4205188.01429714076221, 8214394.747659987770021 ], [ 4205188.01429714076221, 8214392.162677212618291 ], [ 4205195.769245467148721, 8214392.162677212618291 ], [ 4205195.769245467148721, 8214389.577694436535239 ], [ 4205200.939211018383503, 8214389.577694436535239 ], [ 4205200.939211018383503, 8214386.99271166138351 ], [ 4205203.524193793535233, 8214386.99271166138351 ], [ 4205203.524193793535233, 8214384.40772888623178 ], [ 4205208.694159344770014, 8214384.40772888623178 ], [ 4205208.694159344770014, 8214381.822746110148728 ], [ 4205213.864124896004796, 8214381.822746110148728 ], [ 4205213.864124896004796, 8214379.237763334996998 ], [ 4205221.619073222391307, 8214379.237763334996998 ], [ 4205221.619073222391307, 8214376.652780559845269 ], [ 4205226.789038772694767, 8214376.652780559845269 ], [ 4205226.789038772694767, 8214374.067797783762217 ], [ 4205229.374021548777819, 8214374.067797783762217 ], [ 4205229.374021548777819, 8214371.482815008610487 ], [ 4205231.959004323929548, 8214371.482815008610487 ], [ 4205231.959004323929548, 8214368.897832233458757 ], [ 4205234.543987099081278, 8214368.897832233458757 ], [ 4205234.543987099081278, 8214363.727866682223976 ], [ 4205237.12896987516433, 8214363.727866682223976 ], [ 4205237.12896987516433, 8214358.557901130989194 ], [ 4205239.71395265031606, 8214358.557901130989194 ], [ 4205239.71395265031606, 8214353.387935580685735 ], [ 4205242.298935425467789, 8214353.387935580685735 ], [ 4205242.298935425467789, 8214348.217970029450953 ], [ 4205244.883918201550841, 8214348.217970029450953 ], [ 4205244.883918201550841, 8214345.632987254299223 ], [ 4205247.468900976702571, 8214345.632987254299223 ], [ 4205247.468900976702571, 8214343.048004478216171 ], [ 4205250.0538837518543, 8214343.048004478216171 ], [ 4205250.0538837518543, 8214340.463021703064442 ], [ 4205252.638866527937353, 8214340.463021703064442 ], [ 4205252.638866527937353, 8214337.87803892698139 ], [ 4205255.223849303089082, 8214337.87803892698139 ], [ 4205255.223849303089082, 8214332.70807337667793 ], [ 4205257.808832079172134, 8214332.70807337667793 ], [ 4205257.808832079172134, 8214330.123090600594878 ], [ 4205260.393814854323864, 8214330.123090600594878 ], [ 4205260.393814854323864, 8214324.953125050291419 ], [ 4205265.563780405558646, 8214324.953125050291419 ], [ 4205265.563780405558646, 8214322.368142274208367 ], [ 4205270.733745955862105, 8214322.368142274208367 ], [ 4205270.733745955862105, 8214319.783159499056637 ], [ 4205288.82862538471818, 8214319.783159499056637 ], [ 4205288.82862538471818, 8214322.368142274208367 ], [ 4205293.998590935021639, 8214322.368142274208367 ], [ 4205293.998590935021639, 8214324.953125050291419 ], [ 4205296.583573711104691, 8214324.953125050291419 ], [ 4205296.583573711104691, 8214330.123090600594878 ], [ 4205299.168556486256421, 8214330.123090600594878 ], [ 4205299.168556486256421, 8214337.87803892698139 ], [ 4205301.75353926140815, 8214337.87803892698139 ], [ 4205301.75353926140815, 8214379.237763334996998 ], [ 4205299.168556486256421, 8214379.237763334996998 ], [ 4205299.168556486256421, 8214394.747659987770021 ], [ 4205296.583573711104691, 8214394.747659987770021 ], [ 4205296.583573711104691, 8214405.087591089308262 ], [ 4205293.998590935021639, 8214405.087591089308262 ], [ 4205293.998590935021639, 8214423.182470518164337 ], [ 4205291.413608159869909, 8214423.182470518164337 ], [ 4205291.413608159869909, 8214430.937418844550848 ], [ 4205288.82862538471818, 8214430.937418844550848 ], [ 4205288.82862538471818, 8214436.107384394854307 ], [ 4205286.243642608635128, 8214436.107384394854307 ], [ 4205286.243642608635128, 8214441.277349946089089 ], [ 4205283.658659833483398, 8214441.277349946089089 ], [ 4205283.658659833483398, 8214443.862332722172141 ], [ 4205281.073677058331668, 8214443.862332722172141 ], [ 4205281.073677058331668, 8214446.447315497323871 ], [ 4205278.488694282248616, 8214446.447315497323871 ], [ 4205278.488694282248616, 8214449.0322982724756 ], [ 4205275.903711507096887, 8214449.0322982724756 ], [ 4205275.903711507096887, 8214451.617281048558652 ], [ 4205273.318728731945157, 8214451.617281048558652 ], [ 4205273.318728731945157, 8214449.0322982724756 ], [ 4205262.978797629475594, 8214449.0322982724756 ], [ 4205262.978797629475594, 8214446.447315497323871 ], [ 4205257.808832079172134, 8214446.447315497323871 ], [ 4205257.808832079172134, 8214443.862332722172141 ], [ 4205255.223849303089082, 8214443.862332722172141 ], [ 4205255.223849303089082, 8214441.277349946089089 ], [ 4205250.0538837518543, 8214441.277349946089089 ], [ 4205250.0538837518543, 8214436.107384394854307 ], [ 4205247.468900976702571, 8214436.107384394854307 ], [ 4205247.468900976702571, 8214425.767453293316066 ], [ 4205244.883918201550841, 8214425.767453293316066 ], [ 4205244.883918201550841, 8214423.182470518164337 ], [ 4205242.298935425467789, 8214423.182470518164337 ], [ 4205242.298935425467789, 8214428.352436068467796 ], [ 4205239.71395265031606, 8214428.352436068467796 ], [ 4205239.71395265031606, 8214433.522401619702578 ], [ 4205242.298935425467789, 8214433.522401619702578 ], [ 4205242.298935425467789, 8214443.862332722172141 ], [ 4205239.71395265031606, 8214443.862332722172141 ], [ 4205239.71395265031606, 8214449.0322982724756 ], [ 4205237.12896987516433, 8214449.0322982724756 ], [ 4205237.12896987516433, 8214454.202263823710382 ], [ 4205231.959004323929548, 8214454.202263823710382 ], [ 4205231.959004323929548, 8214451.617281048558652 ], [ 4205226.789038772694767, 8214451.617281048558652 ], [ 4205226.789038772694767, 8214449.0322982724756 ], [ 4205221.619073222391307, 8214449.0322982724756 ], [ 4205221.619073222391307, 8214454.202263823710382 ], [ 4205219.034090446308255, 8214454.202263823710382 ], [ 4205219.034090446308255, 8214456.787246598862112 ], [ 4205216.449107671156526, 8214456.787246598862112 ], [ 4205216.449107671156526, 8214459.372229374945164 ], [ 4205213.864124896004796, 8214459.372229374945164 ], [ 4205213.864124896004796, 8214461.957212150096893 ], [ 4205208.694159344770014, 8214461.957212150096893 ], [ 4205208.694159344770014, 8214464.542194925248623 ], [ 4205203.524193793535233, 8214464.542194925248623 ], [ 4205203.524193793535233, 8214467.127177701331675 ], [ 4205200.939211018383503, 8214467.127177701331675 ], [ 4205200.939211018383503, 8214472.297143251635134 ], [ 4205198.354228243231773, 8214472.297143251635134 ], [ 4205198.354228243231773, 8214480.052091578021646 ], [ 4205195.769245467148721, 8214480.052091578021646 ], [ 4205195.769245467148721, 8214485.222057129256427 ], [ 4205193.184262691996992, 8214485.222057129256427 ], [ 4205193.184262691996992, 8214490.392022680491209 ], [ 4205190.599279916845262, 8214490.392022680491209 ], [ 4205190.599279916845262, 8214500.73195378202945 ], [ 4205188.01429714076221, 8214500.73195378202945 ], [ 4205188.01429714076221, 8214511.071884883567691 ], [ 4205185.42931436561048, 8214511.071884883567691 ], [ 4205185.42931436561048, 8214526.581781536340714 ], [ 4205182.844331590458751, 8214526.581781536340714 ], [ 4205182.844331590458751, 8214549.84662651643157 ], [ 4205180.259348814375699, 8214549.84662651643157 ], [ 4205180.259348814375699, 8214557.601574842818081 ], [ 4205177.674366039223969, 8214557.601574842818081 ], [ 4205177.674366039223969, 8214573.111471495591104 ], [ 4205175.089383264072239, 8214573.111471495591104 ], [ 4205175.089383264072239, 8214575.696454270742834 ], [ 4205167.334434937685728, 8214575.696454270742834 ] ] ] } },
{ "type": "Feature", "properties": { "class": 1 }, "geometry": { "type": "Polygon", "coordinates": [ [ [ 4205570.59174791071564, 8215165.07252707798034 ], [ 4205570.59174791071564, 8215162.48754430282861 ], [ 4205565.421782359480858, 8215162.48754430282861 ], [ 4205565.421782359480858, 8215159.902561526745558 ], [ 4205560.251816809177399, 8215159.902561526745558 ], [ 4205560.251816809177399, 8215157.317578751593828 ], [ 4205555.081851257942617, 8215157.317578751593828 ], [ 4205555.081851257942617, 8215154.732595976442099 ], [ 4205552.496868482790887, 8215154.732595976442099 ], [ 4205552.496868482790887, 8215152.147613200359046 ], [ 4205549.911885706707835, 8215152.147613200359046 ], [ 4205549.911885706707835, 8215149.562630425207317 ], [ 4205544.741920156404376, 8215149.562630425207317 ], [ 4205544.741920156404376, 8215146.977647650055587 ], [ 4205542.156937380321324, 8215146.977647650055587 ], [ 4205542.156937380321324, 8215144.392664873972535 ], [ 4205539.571954605169594, 8215144.392664873972535 ], [ 4205539.571954605169594, 8215141.807682098820806 ], [ 4205536.986971829086542, 8215141.807682098820806 ], [ 4205536.986971829086542, 8215139.222699323669076 ], [ 4205518.89209240116179, 8215139.222699323669076 ], [ 4205518.89209240116179, 8215141.807682098820806 ], [ 4205505.967178523540497, 8215141.807682098820806 ], [ 4205505.967178523540497, 8215144.392664873972535 ], [ 4205464.607454116456211, 8215144.392664873972535 ], [ 4205464.607454116456211, 8215141.807682098820806 ], [ 4205459.437488565221429, 8215141.807682098820806 ], [ 4205459.437488565221429, 8215139.222699323669076 ], [ 4205456.852505790069699, 8215139.222699323669076 ], [ 4205456.852505790069699, 8215136.637716547586024 ], [ 4205451.682540238834918, 8215136.637716547586024 ], [ 4205451.682540238834918, 8215134.052733772434294 ], [ 4205449.097557463683188, 8215134.052733772434294 ], [ 4205449.097557463683188, 8215131.467750997282565 ], [ 4205446.512574688531458, 8215131.467750997282565 ], [ 4205446.512574688531458, 8215126.297785446047783 ], [ 4205443.927591912448406, 8215126.297785446047783 ], [ 4205443.927591912448406, 8215123.712802670896053 ], [ 4205441.342609137296677, 8215123.712802670896053 ], [ 4205441.342609137296677, 8215118.542837119661272 ], [ 4205438.757626361213624, 8215118.542837119661272 ], [ 4205438.757626361213624, 8215113.37287156842649 ], [ 4205436.172643586061895, 8215113.37287156842649 ], [ 4205436.172643586061895, 8215100.447957690805197 ], [ 4205433.587660810910165, 8215100.447957690805197 ], [ 4205433.587660810910165, 8215082.353078262880445 ], [ 4205431.002678034827113, 8215082.353078262880445 ], [ 4205431.002678034827113, 8215056.503250508569181 ], [ 4205428.417695259675384, 8215056.503250508569181 ], [ 4205428.417695259675384, 8215043.578336630947888 ], [ 4205431.002678034827113, 8215043.578336630947888 ], [ 4205431.002678034827113, 8215025.483457203023136 ], [ 4205433.587660810910165, 8215025.483457203023136 ], [ 4205433.587660810910165, 8215002.218612222932279 ], [ 4205431.002678034827113, 8215002.218612222932279 ], [ 4205431.002678034827113, 8214991.878681121394038 ], [ 4205428.417695259675384, 8214991.878681121394038 ], [ 4205428.417695259675384, 8214976.368784468621016 ], [ 4205425.832712484523654, 8214976.368784468621016 ], [ 4205425.832712484523654, 8214966.028853367082775 ], [ 4205428.417695259675384, 8214966.028853367082775 ], [ 4205428.417695259675384, 8214950.518956714309752 ], [ 4205425.832712484523654, 8214950.518956714309752 ], [ 4205425.832712484523654, 8214932.424077285453677 ], [ 4205423.247729708440602, 8214932.424077285453677 ], [ 4205423.247729708440602, 8214922.084146183915436 ], [ 4205420.662746933288872, 8214922.084146183915436 ], [ 4205420.662746933288872, 8214914.329197857528925 ], [ 4205418.077764158137143, 8214914.329197857528925 ], [ 4205418.077764158137143, 8214906.574249531142414 ], [ 4205415.49278138205409, 8214906.574249531142414 ], [ 4205415.49278138205409, 8214896.23431842867285 ], [ 4205412.907798606902361, 8214896.23431842867285 ], [ 4205412.907798606902361, 8214875.554456225596368 ], [ 4205410.322815831750631, 8214875.554456225596368 ], [ 4205410.322815831750631, 8214860.044559572823346 ], [ 4205407.737833055667579, 8214860.044559572823346 ], [ 4205407.737833055667579, 8214839.364697368815541 ], [ 4205410.322815831750631, 8214839.364697368815541 ], [ 4205410.322815831750631, 8214831.60974904242903 ], [ 4205412.907798606902361, 8214831.60974904242903 ], [ 4205412.907798606902361, 8214813.514869613572955 ], [ 4205410.322815831750631, 8214813.514869613572955 ], [ 4205410.322815831750631, 8214805.759921287186444 ], [ 4205407.737833055667579, 8214805.759921287186444 ], [ 4205407.737833055667579, 8214792.835007410496473 ], [ 4205405.15285028051585, 8214792.835007410496473 ], [ 4205405.15285028051585, 8214782.49507630802691 ], [ 4205402.56786750536412, 8214782.49507630802691 ], [ 4205402.56786750536412, 8214774.740127981640399 ], [ 4205399.982884729281068, 8214774.740127981640399 ], [ 4205399.982884729281068, 8214764.400196880102158 ], [ 4205397.397901954129338, 8214764.400196880102158 ], [ 4205397.397901954129338, 8214751.475283002480865 ], [ 4205394.812919178977609, 8214751.475283002480865 ], [ 4205394.812919178977609, 8214735.965386349707842 ], [ 4205392.227936402894557, 8214735.965386349707842 ], [ 4205392.227936402894557, 8214725.625455248169601 ], [ 4205389.642953627742827, 8214725.625455248169601 ], [ 4205389.642953627742827, 8214717.87050692178309 ], [ 4205387.057970852591097, 8214717.87050692178309 ], [ 4205387.057970852591097, 8214699.775627492927015 ], [ 4205384.472988076508045, 8214699.775627492927015 ], [ 4205384.472988076508045, 8214689.435696391388774 ], [ 4205381.888005301356316, 8214689.435696391388774 ], [ 4205381.888005301356316, 8214679.095765289850533 ], [ 4205379.303022526204586, 8214679.095765289850533 ], [ 4205379.303022526204586, 8214663.58586863707751 ], [ 4205376.718039750121534, 8214663.58586863707751 ], [ 4205376.718039750121534, 8214655.830920310690999 ], [ 4205379.303022526204586, 8214655.830920310690999 ], [ 4205379.303022526204586, 8214635.151058106683195 ], [ 4205381.888005301356316, 8214635.151058106683195 ], [ 4205381.888005301356316, 8214614.47119590267539 ], [ 4205384.472988076508045, 8214614.47119590267539 ], [ 4205384.472988076508045, 8214588.621368148364127 ], [ 4205387.057970852591097, 8214588.621368148364127 ], [ 4205387.057970852591097, 8214583.451402597129345 ], [ 4205389.642953627742827, 8214583.451402597129345 ], [ 4205389.642953627742827, 8214578.281437045894563 ], [ 4205394.812919178977609, 8214578.281437045894563 ], [ 4205394.812919178977609, 8214575.696454270742834 ], [ 4205397.397901954129338, 8214575.696454270742834 ], [ 4205397.397901954129338, 8214573.111471495591104 ], [ 4205405.15285028051585, 8214573.111471495591104 ], [ 4205405.15285028051585, 8214570.526488719508052 ], [ 4205418.077764158137143, 8214570.526488719508052 ], [ 4205418.077764158137143, 8214573.111471495591104 ], [ 4205441.342609137296677, 8214573.111471495591104 ], [ 4205441.342609137296677, 8214570.526488719508052 ], [ 4205443.927591912448406, 8214570.526488719508052 ], [ 4205443.927591912448406, 8214567.941505944356322 ], [ 4205446.512574688531458, 8214567.941505944356322 ], [ 4205446.512574688531458, 8214565.356523169204593 ], [ 4205449.097557463683188, 8214565.356523169204593 ], [ 4205449.097557463683188, 8214562.771540393121541 ], [ 4205451.682540238834918, 8214562.771540393121541 ], [ 4205451.682540238834918, 8214560.186557617969811 ], [ 4205454.26752301491797, 8214560.186557617969811 ], [ 4205454.26752301491797, 8214557.601574842818081 ], [ 4205456.852505790069699, 8214557.601574842818081 ], [ 4205456.852505790069699, 8214555.016592066735029 ], [ 4205462.022471341304481, 8214555.016592066735029 ], [ 4205462.022471341304481, 8214552.4316092915833 ], [ 4205464.607454116456211, 8214552.4316092915833 ], [ 4205464.607454116456211, 8214549.84662651643157 ], [ 4205469.777419667690992, 8214549.84662651643157 ], [ 4205469.777419667690992, 8214547.261643740348518 ], [ 4205474.947385217994452, 8214547.261643740348518 ], [ 4205474.947385217994452, 8214544.676660965196788 ], [ 4205482.702333544380963, 8214544.676660965196788 ], [ 4205482.702333544380963, 8214542.091678190045059 ], [ 4205487.872299095615745, 8214542.091678190045059 ], [ 4205487.872299095615745, 8214539.506695413962007 ], [ 4205493.042264646850526, 8214539.506695413962007 ], [ 4205493.042264646850526, 8214536.921712638810277 ], [ 4205495.627247422002256, 8214536.921712638810277 ], [ 4205495.627247422002256, 8214529.166764312423766 ], [ 4205498.212230197153986, 8214529.166764312423766 ], [ 4205498.212230197153986, 8214523.996798761188984 ], [ 4205500.797212973237038, 8214523.996798761188984 ], [ 4205500.797212973237038, 8214521.411815986037254 ], [ 4205503.382195748388767, 8214521.411815986037254 ], [ 4205503.382195748388767, 8214516.241850434802473 ], [ 4205505.967178523540497, 8214516.241850434802473 ], [ 4205505.967178523540497, 8214513.656867659650743 ], [ 4205511.137144074775279, 8214513.656867659650743 ], [ 4205511.137144074775279, 8214511.071884883567691 ], [ 4205516.30710962601006, 8214511.071884883567691 ], [ 4205516.30710962601006, 8214508.486902108415961 ], [ 4205518.89209240116179, 8214508.486902108415961 ], [ 4205518.89209240116179, 8214505.901919333264232 ], [ 4205526.647040727548301, 8214505.901919333264232 ], [ 4205526.647040727548301, 8214503.31693655718118 ], [ 4205531.817006278783083, 8214503.31693655718118 ], [ 4205531.817006278783083, 8214500.73195378202945 ], [ 4205542.156937380321324, 8214500.73195378202945 ], [ 4205542.156937380321324, 8214498.14697100687772 ], [ 4205557.666834033094347, 8214498.14697100687772 ], [ 4205557.666834033094347, 8214500.73195378202945 ], [ 4205562.836799584329128, 8214500.73195378202945 ], [ 4205562.836799584329128, 8214503.31693655718118 ], [ 4205568.00676513556391, 8214503.31693655718118 ], [ 4205568.00676513556391, 8214505.901919333264232 ], [ 4205573.176730685867369, 8214505.901919333264232 ], [ 4205573.176730685867369, 8214508.486902108415961 ], [ 4205578.346696237102151, 8214508.486902108415961 ], [ 4205578.346696237102151, 8214511.071884883567691 ], [ 4205580.931679012253881, 8214511.071884883567691 ], [ 4205580.931679012253881, 8214513.656867659650743 ], [ 4205586.101644563488662, 8214513.656867659650743 ], [ 4205586.101644563488662, 8214516.241850434802473 ], [ 4205591.271610114723444, 8214516.241850434802473 ], [ 4205591.271610114723444, 8214518.826833209954202 ], [ 4205596.441575665026903, 8214518.826833209954202 ], [ 4205596.441575665026903, 8214521.411815986037254 ], [ 4205601.611541216261685, 8214521.411815986037254 ], [ 4205601.611541216261685, 8214523.996798761188984 ], [ 4205609.366489542648196, 8214523.996798761188984 ], [ 4205609.366489542648196, 8214526.581781536340714 ], [ 4205622.291403420269489, 8214526.581781536340714 ], [ 4205622.291403420269489, 8214529.166764312423766 ], [ 4205645.556248399429023, 8214529.166764312423766 ], [ 4205645.556248399429023, 8214531.751747087575495 ], [ 4205686.915972806513309, 8214531.751747087575495 ], [ 4205686.915972806513309, 8214534.336729862727225 ], [ 4205694.670921132899821, 8214534.336729862727225 ], [ 4205694.670921132899821, 8214536.921712638810277 ], [ 4205702.425869459286332, 8214536.921712638810277 ], [ 4205702.425869459286332, 8214539.506695413962007 ], [ 4205705.010852235369384, 8214539.506695413962007 ], [ 4205705.010852235369384, 8214542.091678190045059 ], [ 4205710.180817785672843, 8214542.091678190045059 ], [ 4205710.180817785672843, 8214544.676660965196788 ], [ 4205720.520748888142407, 8214544.676660965196788 ], [ 4205720.520748888142407, 8214547.261643740348518 ], [ 4205728.275697214528918, 8214547.261643740348518 ], [ 4205728.275697214528918, 8214549.84662651643157 ], [ 4205746.370576642453671, 8214549.84662651643157 ], [ 4205746.370576642453671, 8214552.4316092915833 ], [ 4205759.295490520074964, 8214552.4316092915833 ], [ 4205759.295490520074964, 8214555.016592066735029 ], [ 4205772.220404397696257, 8214555.016592066735029 ], [ 4205772.220404397696257, 8214557.601574842818081 ], [ 4205854.939853212796152, 8214557.601574842818081 ], [ 4205854.939853212796152, 8214555.016592066735029 ], [ 4205870.449749865569174, 8214555.016592066735029 ], [ 4205870.449749865569174, 8214552.4316092915833 ], [ 4205888.544629293493927, 8214552.4316092915833 ], [ 4205888.544629293493927, 8214549.84662651643157 ], [ 4205898.884560395032167, 8214549.84662651643157 ], [ 4205898.884560395032167, 8214547.261643740348518 ], [ 4205911.809474272653461, 8214547.261643740348518 ], [ 4205911.809474272653461, 8214544.676660965196788 ], [ 4205932.489336476661265, 8214544.676660965196788 ], [ 4205932.489336476661265, 8214542.091678190045059 ], [ 4205945.414250354282558, 8214542.091678190045059 ], [ 4205945.414250354282558, 8214539.506695413962007 ], [ 4205963.50912978220731, 8214539.506695413962007 ], [ 4205963.50912978220731, 8214536.921712638810277 ], [ 4205984.188991986215115, 8214536.921712638810277 ], [ 4205984.188991986215115, 8214534.336729862727225 ], [ 4205989.358957536518574, 8214534.336729862727225 ], [ 4205989.358957536518574, 8214531.751747087575495 ], [ 4205991.943940312601626, 8214531.751747087575495 ], [ 4205991.943940312601626, 8214529.166764312423766 ], [ 4205997.113905862905085, 8214529.166764312423766 ], [ 4205997.113905862905085, 8214526.581781536340714 ], [ 4206004.868854189291596, 8214526.581781536340714 ], [ 4206004.868854189291596, 8214523.996798761188984 ], [ 4206017.793768066912889, 8214523.996798761188984 ], [ 4206017.793768066912889, 8214521.411815986037254 ], [ 4206028.133699169382453, 8214521.411815986037254 ], [ 4206028.133699169382453, 8214518.826833209954202 ], [ 4206033.303664719685912, 8214518.826833209954202 ], [ 4206033.303664719685912, 8214516.241850434802473 ], [ 4206038.473630270920694, 8214516.241850434802473 ], [ 4206038.473630270920694, 8214513.656867659650743 ], [ 4206041.058613046072423, 8214513.656867659650743 ], [ 4206041.058613046072423, 8214511.071884883567691 ], [ 4206043.643595822155476, 8214511.071884883567691 ], [ 4206043.643595822155476, 8214508.486902108415961 ], [ 4206046.228578597307205, 8214508.486902108415961 ], [ 4206046.228578597307205, 8214505.901919333264232 ], [ 4206048.813561372458935, 8214505.901919333264232 ], [ 4206048.813561372458935, 8214503.31693655718118 ], [ 4206051.398544148541987, 8214503.31693655718118 ], [ 4206051.398544148541987, 8214500.73195378202945 ], [ 4206053.983526923693717, 8214500.73195378202945 ], [ 4206053.983526923693717, 8214498.14697100687772 ], [ 4206056.568509698845446, 8214498.14697100687772 ], [ 4206056.568509698845446, 8214495.561988230794668 ], [ 4206059.153492474928498, 8214495.561988230794668 ], [ 4206059.153492474928498, 8214492.977005455642939 ], [ 4206066.90844080131501, 8214492.977005455642939 ], [ 4206066.90844080131501, 8214490.392022680491209 ], [ 4206100.513216882012784, 8214490.392022680491209 ], [ 4206100.513216882012784, 8214487.807039904408157 ], [ 4206110.853147983551025, 8214487.807039904408157 ], [ 4206110.853147983551025, 8214485.222057129256427 ], [ 4206154.797855166718364, 8214485.222057129256427 ], [ 4206154.797855166718364, 8214487.807039904408157 ], [ 4206167.722769044339657, 8214487.807039904408157 ], [ 4206167.722769044339657, 8214485.222057129256427 ], [ 4206178.062700145877898, 8214485.222057129256427 ], [ 4206178.062700145877898, 8214487.807039904408157 ], [ 4206211.667476227506995, 8214487.807039904408157 ], [ 4206211.667476227506995, 8214485.222057129256427 ], [ 4206216.837441778741777, 8214485.222057129256427 ], [ 4206216.837441778741777, 8214482.637074354104698 ], [ 4206219.422424553893507, 8214482.637074354104698 ], [ 4206219.422424553893507, 8214480.052091578021646 ], [ 4206222.007407329045236, 8214480.052091578021646 ], [ 4206222.007407329045236, 8214477.467108802869916 ], [ 4206224.592390105128288, 8214477.467108802869916 ], [ 4206224.592390105128288, 8214474.882126027718186 ], [ 4206227.177372880280018, 8214474.882126027718186 ], [ 4206227.177372880280018, 8214469.712160476483405 ], [ 4206229.762355655431747, 8214469.712160476483405 ], [ 4206229.762355655431747, 8214459.372229374945164 ], [ 4206232.3473384315148, 8214459.372229374945164 ], [ 4206232.3473384315148, 8214456.787246598862112 ], [ 4206234.932321206666529, 8214456.787246598862112 ], [ 4206234.932321206666529, 8214454.202263823710382 ], [ 4206237.517303981818259, 8214454.202263823710382 ], [ 4206237.517303981818259, 8214451.617281048558652 ], [ 4206240.102286757901311, 8214451.617281048558652 ], [ 4206240.102286757901311, 8214449.0322982724756 ], [ 4206242.687269533053041, 8214449.0322982724756 ], [ 4206242.687269533053041, 8214446.447315497323871 ], [ 4206245.27225230820477, 8214446.447315497323871 ], [ 4206245.27225230820477, 8214441.277349946089089 ], [ 4206247.857235084287822, 8214441.277349946089089 ], [ 4206247.857235084287822, 8214438.692367170937359 ], [ 4206250.442217859439552, 8214438.692367170937359 ], [ 4206250.442217859439552, 8214433.522401619702578 ], [ 4206253.027200634591281, 8214433.522401619702578 ], [ 4206253.027200634591281, 8214420.597487742081285 ], [ 4206255.612183410674334, 8214420.597487742081285 ], [ 4206255.612183410674334, 8214389.577694436535239 ], [ 4206253.027200634591281, 8214389.577694436535239 ], [ 4206253.027200634591281, 8214366.312849457375705 ], [ 4206255.612183410674334, 8214366.312849457375705 ], [ 4206255.612183410674334, 8214355.972918355837464 ], [ 4206258.197166185826063, 8214355.972918355837464 ], [ 4206258.197166185826063, 8214348.217970029450953 ], [ 4206260.782148960977793, 8214348.217970029450953 ], [ 4206260.782148960977793, 8214343.048004478216171 ], [ 4206263.367131737060845, 8214343.048004478216171 ], [ 4206263.367131737060845, 8214337.87803892698139 ], [ 4206265.952114512212574, 8214337.87803892698139 ], [ 4206265.952114512212574, 8214335.29305615182966 ], [ 4206268.537097287364304, 8214335.29305615182966 ], [ 4206268.537097287364304, 8214332.70807337667793 ], [ 4206271.122080063447356, 8214332.70807337667793 ], [ 4206271.122080063447356, 8214330.123090600594878 ], [ 4206276.292045613750815, 8214330.123090600594878 ], [ 4206276.292045613750815, 8214327.538107825443149 ], [ 4206278.877028389833868, 8214327.538107825443149 ], [ 4206278.877028389833868, 8214324.953125050291419 ], [ 4206281.462011164985597, 8214324.953125050291419 ], [ 4206281.462011164985597, 8214322.368142274208367 ], [ 4206284.046993940137327, 8214322.368142274208367 ], [ 4206284.046993940137327, 8214319.783159499056637 ], [ 4206286.631976716220379, 8214319.783159499056637 ], [ 4206286.631976716220379, 8214317.198176723904908 ], [ 4206289.216959491372108, 8214317.198176723904908 ], [ 4206289.216959491372108, 8214314.613193947821856 ], [ 4206294.38692504260689, 8214314.613193947821856 ], [ 4206294.38692504260689, 8214312.028211172670126 ], [ 4206296.97190781775862, 8214312.028211172670126 ], [ 4206296.97190781775862, 8214309.443228397518396 ], [ 4206302.141873368993402, 8214309.443228397518396 ], [ 4206302.141873368993402, 8214306.858245621435344 ], [ 4206304.726856144145131, 8214306.858245621435344 ], [ 4206304.726856144145131, 8214304.273262846283615 ], [ 4206309.896821695379913, 8214304.273262846283615 ], [ 4206309.896821695379913, 8214301.688280071131885 ], [ 4206320.236752796918154, 8214301.688280071131885 ], [ 4206320.236752796918154, 8214299.103297295048833 ], [ 4206335.746649449691176, 8214299.103297295048833 ], [ 4206335.746649449691176, 8214296.518314519897103 ], [ 4206340.916615000925958, 8214296.518314519897103 ], [ 4206340.916615000925958, 8214293.933331744745374 ], [ 4206351.256546102464199, 8214293.933331744745374 ], [ 4206351.256546102464199, 8214291.348348968662322 ], [ 4206356.426511653698981, 8214291.348348968662322 ], [ 4206356.426511653698981, 8214288.763366193510592 ], [ 4206364.181459980085492, 8214288.763366193510592 ], [ 4206364.181459980085492, 8214286.178383418358862 ], [ 4206369.351425531320274, 8214286.178383418358862 ], [ 4206369.351425531320274, 8214283.59340064227581 ], [ 4206384.861322184093297, 8214283.59340064227581 ], [ 4206384.861322184093297, 8214286.178383418358862 ], [ 4206410.71114993840456, 8214286.178383418358862 ], [ 4206410.71114993840456, 8214283.59340064227581 ], [ 4206418.466098264791071, 8214283.59340064227581 ], [ 4206418.466098264791071, 8214281.008417867124081 ], [ 4206426.221046591177583, 8214281.008417867124081 ], [ 4206426.221046591177583, 8214278.423435091972351 ], [ 4206444.315926020033658, 8214278.423435091972351 ], [ 4206444.315926020033658, 8214281.008417867124081 ], [ 4206452.070874346420169, 8214281.008417867124081 ], [ 4206452.070874346420169, 8214283.59340064227581 ], [ 4206457.240839896723628, 8214283.59340064227581 ], [ 4206457.240839896723628, 8214286.178383418358862 ], [ 4206459.82582267280668, 8214286.178383418358862 ], [ 4206459.82582267280668, 8214288.763366193510592 ], [ 4206464.995788223110139, 8214288.763366193510592 ], [ 4206464.995788223110139, 8214291.348348968662322 ], [ 4206467.580770999193192, 8214291.348348968662322 ], [ 4206467.580770999193192, 8214293.933331744745374 ], [ 4206470.165753774344921, 8214293.933331744745374 ], [ 4206470.165753774344921, 8214296.518314519897103 ], [ 4206472.750736549496651, 8214296.518314519897103 ], [ 4206472.750736549496651, 8214299.103297295048833 ], [ 4206475.335719325579703, 8214299.103297295048833 ], [ 4206475.335719325579703, 8214301.688280071131885 ], [ 4206477.920702100731432, 8214301.688280071131885 ], [ 4206477.920702100731432, 8214304.273262846283615 ], [ 4206483.090667651966214, 8214304.273262846283615 ], [ 4206483.090667651966214, 8214306.858245621435344 ], [ 4206485.675650427117944, 8214306.858245621435344 ], [ 4206485.675650427117944, 8214309.443228397518396 ], [ 4206490.845615978352726, 8214309.443228397518396 ], [ 4206490.845615978352726, 8214312.028211172670126 ], [ 4206496.015581528656185, 8214312.028211172670126 ], [ 4206496.015581528656185, 8214314.613193947821856 ], [ 4206498.600564304739237, 8214314.613193947821856 ], [ 4206498.600564304739237, 8214317.198176723904908 ], [ 4206501.185547079890966, 8214317.198176723904908 ], [ 4206501.185547079890966, 8214319.783159499056637 ], [ 4206503.770529855974019, 8214319.783159499056637 ], [ 4206503.770529855974019, 8214322.368142274208367 ], [ 4206506.355512631125748, 8214322.368142274208367 ], [ 4206506.355512631125748, 8214324.953125050291419 ], [ 4206508.940495406277478, 8214324.953125050291419 ], [ 4206508.940495406277478, 8214330.123090600594878 ], [ 4206511.52547818236053, 8214330.123090600594878 ], [ 4206511.52547818236053, 8214332.70807337667793 ], [ 4206514.110460957512259, 8214332.70807337667793 ], [ 4206514.110460957512259, 8214335.29305615182966 ], [ 4206516.695443732663989, 8214335.29305615182966 ], [ 4206516.695443732663989, 8214337.87803892698139 ], [ 4206519.280426508747041, 8214337.87803892698139 ], [ 4206519.280426508747041, 8214340.463021703064442 ], [ 4206521.865409283898771, 8214340.463021703064442 ], [ 4206521.865409283898771, 8214345.632987254299223 ], [ 4206524.4503920590505, 8214345.632987254299223 ], [ 4206524.4503920590505, 8214350.802952804602683 ], [ 4206527.035374835133553, 8214350.802952804602683 ], [ 4206527.035374835133553, 8214355.972918355837464 ], [ 4206529.620357610285282, 8214355.972918355837464 ], [ 4206529.620357610285282, 8214366.312849457375705 ], [ 4206532.205340385437012, 8214366.312849457375705 ], [ 4206532.205340385437012, 8214392.162677212618291 ], [ 4206534.790323161520064, 8214392.162677212618291 ], [ 4206534.790323161520064, 8214415.427522191777825 ], [ 4206537.375305936671793, 8214415.427522191777825 ], [ 4206537.375305936671793, 8214436.107384394854307 ], [ 4206539.960288711823523, 8214436.107384394854307 ], [ 4206539.960288711823523, 8214456.787246598862112 ], [ 4206537.375305936671793, 8214456.787246598862112 ], [ 4206537.375305936671793, 8214474.882126027718186 ], [ 4206534.790323161520064, 8214474.882126027718186 ], [ 4206534.790323161520064, 8214487.807039904408157 ], [ 4206532.205340385437012, 8214487.807039904408157 ], [ 4206532.205340385437012, 8214500.73195378202945 ], [ 4206529.620357610285282, 8214500.73195378202945 ], [ 4206529.620357610285282, 8214508.486902108415961 ], [ 4206527.035374835133553, 8214508.486902108415961 ], [ 4206527.035374835133553, 8214513.656867659650743 ], [ 4206524.4503920590505, 8214513.656867659650743 ], [ 4206524.4503920590505, 8214516.241850434802473 ], [ 4206521.865409283898771, 8214516.241850434802473 ], [ 4206521.865409283898771, 8214521.411815986037254 ], [ 4206519.280426508747041, 8214521.411815986037254 ], [ 4206519.280426508747041, 8214526.581781536340714 ], [ 4206516.695443732663989, 8214526.581781536340714 ], [ 4206516.695443732663989, 8214531.751747087575495 ], [ 4206514.110460957512259, 8214531.751747087575495 ], [ 4206514.110460957512259, 8214536.921712638810277 ], [ 4206511.52547818236053, 8214536.921712638810277 ], [ 4206511.52547818236053, 8214542.091678190045059 ], [ 4206508.940495406277478, 8214542.091678190045059 ], [ 4206508.940495406277478, 8214549.84662651643157 ], [ 4206506.355512631125748, 8214549.84662651643157 ], [ 4206506.355512631125748, 8214555.016592066735029 ], [ 4206503.770529855974019, 8214555.016592066735029 ], [ 4206503.770529855974019, 8214560.186557617969811 ], [ 4206501.185547079890966, 8214560.186557617969811 ], [ 4206501.185547079890966, 8214562.771540393121541 ], [ 4206498.600564304739237, 8214562.771540393121541 ], [ 4206498.600564304739237, 8214567.941505944356322 ], [ 4206496.015581528656185, 8214567.941505944356322 ], [ 4206496.015581528656185, 8214573.111471495591104 ], [ 4206493.430598753504455, 8214573.111471495591104 ], [ 4206493.430598753504455, 8214578.281437045894563 ], [ 4206490.845615978352726, 8214578.281437045894563 ], [ 4206490.845615978352726, 8214580.866419821977615 ], [ 4206488.260633202269673, 8214580.866419821977615 ], [ 4206488.260633202269673, 8214583.451402597129345 ], [ 4206485.675650427117944, 8214583.451402597129345 ], [ 4206485.675650427117944, 8214588.621368148364127 ], [ 4206483.090667651966214, 8214588.621368148364127 ], [ 4206483.090667651966214, 8214593.791333698667586 ], [ 4206480.505684875883162, 8214593.791333698667586 ], [ 4206480.505684875883162, 8214598.961299249902368 ], [ 4206477.920702100731432, 8214598.961299249902368 ], [ 4206477.920702100731432, 8214604.131264801137149 ], [ 4206475.335719325579703, 8214604.131264801137149 ], [ 4206475.335719325579703, 8214611.886213127523661 ], [ 4206472.750736549496651, 8214611.886213127523661 ], [ 4206472.750736549496651, 8214624.811127004213631 ], [ 4206470.165753774344921, 8214624.811127004213631 ], [ 4206470.165753774344921, 8214637.736040881834924 ], [ 4206467.580770999193192, 8214637.736040881834924 ], [ 4206467.580770999193192, 8214645.490989208221436 ], [ 4206464.995788223110139, 8214645.490989208221436 ], [ 4206464.995788223110139, 8214650.660954759456217 ], [ 4206462.41080544795841, 8214650.660954759456217 ], [ 4206462.41080544795841, 8214655.830920310690999 ], [ 4206459.82582267280668, 8214655.830920310690999 ], [ 4206459.82582267280668, 8214673.925799738615751 ], [ 4206462.41080544795841, 8214673.925799738615751 ], [ 4206462.41080544795841, 8214681.680748065002263 ], [ 4206464.995788223110139, 8214681.680748065002263 ], [ 4206464.995788223110139, 8214684.265730840153992 ], [ 4206467.580770999193192, 8214684.265730840153992 ], [ 4206467.580770999193192, 8214686.850713616237044 ], [ 4206470.165753774344921, 8214686.850713616237044 ], [ 4206470.165753774344921, 8214689.435696391388774 ], [ 4206475.335719325579703, 8214689.435696391388774 ], [ 4206475.335719325579703, 8214692.020679166540504 ], [ 4206477.920702100731432, 8214692.020679166540504 ], [ 4206477.920702100731432, 8214697.190644717775285 ], [ 4206480.505684875883162, 8214697.190644717775285 ], [ 4206480.505684875883162, 8214702.360610269010067 ], [ 4206477.920702100731432, 8214702.360610269010067 ], [ 4206477.920702100731432, 8214707.530575819313526 ], [ 4206454.655857121571898, 8214707.530575819313526 ], [ 4206454.655857121571898, 8214704.945593044161797 ], [ 4206446.900908795185387, 8214704.945593044161797 ], [ 4206446.900908795185387, 8214702.360610269010067 ], [ 4206441.730943243950605, 8214702.360610269010067 ], [ 4206441.730943243950605, 8214699.775627492927015 ], [ 4206436.560977693647146, 8214699.775627492927015 ], [ 4206436.560977693647146, 8214694.605661942623556 ], [ 4206433.975994917564094, 8214694.605661942623556 ], [ 4206433.975994917564094, 8214689.435696391388774 ], [ 4206431.391012142412364, 8214689.435696391388774 ], [ 4206431.391012142412364, 8214686.850713616237044 ], [ 4206428.806029367260635, 8214686.850713616237044 ], [ 4206428.806029367260635, 8214684.265730840153992 ], [ 4206426.221046591177583, 8214684.265730840153992 ], [ 4206426.221046591177583, 8214681.680748065002263 ], [ 4206421.051081040874124, 8214681.680748065002263 ], [ 4206421.051081040874124, 8214679.095765289850533 ], [ 4206408.126167163252831, 8214679.095765289850533 ], [ 4206408.126167163252831, 8214676.510782513767481 ], [ 4206382.276339408010244, 8214676.510782513767481 ], [ 4206382.276339408010244, 8214679.095765289850533 ], [ 4206369.351425531320274, 8214679.095765289850533 ], [ 4206369.351425531320274, 8214681.680748065002263 ], [ 4206361.596477204933763, 8214681.680748065002263 ], [ 4206361.596477204933763, 8214684.265730840153992 ], [ 4206359.01149442885071, 8214684.265730840153992 ], [ 4206359.01149442885071, 8214686.850713616237044 ], [ 4206353.841528878547251, 8214686.850713616237044 ], [ 4206353.841528878547251, 8214689.435696391388774 ], [ 4206351.256546102464199, 8214689.435696391388774 ], [ 4206351.256546102464199, 8214692.020679166540504 ], [ 4206348.671563327312469, 8214692.020679166540504 ], [ 4206348.671563327312469, 8214694.605661942623556 ], [ 4206346.08658055216074, 8214694.605661942623556 ], [ 4206346.08658055216074, 8214699.775627492927015 ], [ 4206343.501597776077688, 8214699.775627492927015 ], [ 4206343.501597776077688, 8214702.360610269010067 ], [ 4206340.916615000925958, 8214702.360610269010067 ], [ 4206340.916615000925958, 8214704.945593044161797 ], [ 4206338.331632225774229, 8214704.945593044161797 ], [ 4206338.331632225774229, 8214707.530575819313526 ], [ 4206335.746649449691176, 8214707.530575819313526 ], [ 4206335.746649449691176, 8214710.115558595396578 ], [ 4206333.161666674539447, 8214710.115558595396578 ], [ 4206333.161666674539447, 8214712.700541370548308 ], [ 4206330.576683899387717, 8214712.700541370548308 ], [ 4206330.576683899387717, 8214715.285524145700037 ], [ 4206327.991701123304665, 8214715.285524145700037 ], [ 4206327.991701123304665, 8214717.87050692178309 ], [ 4206322.821735573001206, 8214717.87050692178309 ], [ 4206322.821735573001206, 8214720.455489696934819 ], [ 4206320.236752796918154, 8214720.455489696934819 ], [ 4206320.236752796918154, 8214723.040472472086549 ], [ 4206317.651770021766424, 8214723.040472472086549 ], [ 4206317.651770021766424, 8214725.625455248169601 ], [ 4206309.896821695379913, 8214725.625455248169601 ], [ 4206309.896821695379913, 8214728.210438023321331 ], [ 4206307.311838919296861, 8214728.210438023321331 ], [ 4206307.311838919296861, 8214730.795420799404383 ], [ 4206302.141873368993402, 8214730.795420799404383 ], [ 4206302.141873368993402, 8214733.380403574556112 ], [ 4206296.97190781775862, 8214733.380403574556112 ], [ 4206296.97190781775862, 8214735.965386349707842 ], [ 4206294.38692504260689, 8214735.965386349707842 ], [ 4206294.38692504260689, 8214738.550369125790894 ], [ 4206291.801942266523838, 8214738.550369125790894 ], [ 4206291.801942266523838, 8214741.135351900942624 ], [ 4206286.631976716220379, 8214741.135351900942624 ], [ 4206286.631976716220379, 8214743.720334676094353 ], [ 4206281.462011164985597, 8214743.720334676094353 ], [ 4206281.462011164985597, 8214746.305317452177405 ], [ 4206273.707062838599086, 8214746.305317452177405 ], [ 4206273.707062838599086, 8214748.890300227329135 ], [ 4206265.952114512212574, 8214748.890300227329135 ], [ 4206265.952114512212574, 8214751.475283002480865 ], [ 4206260.782148960977793, 8214751.475283002480865 ], [ 4206260.782148960977793, 8214754.060265778563917 ], [ 4206255.612183410674334, 8214754.060265778563917 ], [ 4206255.612183410674334, 8214756.645248553715646 ], [ 4206247.857235084287822, 8214756.645248553715646 ], [ 4206247.857235084287822, 8214759.230231328867376 ], [ 4206242.687269533053041, 8214759.230231328867376 ], [ 4206242.687269533053041, 8214761.815214104950428 ], [ 4206234.932321206666529, 8214761.815214104950428 ], [ 4206234.932321206666529, 8214764.400196880102158 ], [ 4206229.762355655431747, 8214764.400196880102158 ], [ 4206229.762355655431747, 8214766.985179655253887 ], [ 4206222.007407329045236, 8214766.985179655253887 ], [ 4206222.007407329045236, 8214769.570162431336939 ], [ 4206214.252459002658725, 8214769.570162431336939 ], [ 4206214.252459002658725, 8214772.155145206488669 ], [ 4206209.082493451423943, 8214772.155145206488669 ], [ 4206209.082493451423943, 8214774.740127981640399 ], [ 4206203.912527901120484, 8214774.740127981640399 ], [ 4206203.912527901120484, 8214777.325110757723451 ], [ 4206201.327545125037432, 8214777.325110757723451 ], [ 4206201.327545125037432, 8214779.91009353287518 ], [ 4206196.157579574733973, 8214779.91009353287518 ], [ 4206196.157579574733973, 8214782.49507630802691 ], [ 4206190.987614023499191, 8214782.49507630802691 ], [ 4206190.987614023499191, 8214785.080059084109962 ], [ 4206188.402631248347461, 8214785.080059084109962 ], [ 4206188.402631248347461, 8214787.665041859261692 ], [ 4206185.817648472264409, 8214787.665041859261692 ], [ 4206185.817648472264409, 8214790.250024634413421 ], [ 4206183.232665697112679, 8214790.250024634413421 ], [ 4206183.232665697112679, 8214792.835007410496473 ], [ 4206178.062700145877898, 8214792.835007410496473 ], [ 4206178.062700145877898, 8214795.419990185648203 ], [ 4206172.892734595574439, 8214795.419990185648203 ], [ 4206172.892734595574439, 8214798.004972960799932 ], [ 4206170.307751819491386, 8214798.004972960799932 ], [ 4206170.307751819491386, 8214800.589955736882985 ], [ 4206165.137786269187927, 8214800.589955736882985 ], [ 4206165.137786269187927, 8214803.174938512034714 ], [ 4206159.967820717953146, 8214803.174938512034714 ], [ 4206159.967820717953146, 8214805.759921287186444 ], [ 4206154.797855166718364, 8214805.759921287186444 ], [ 4206154.797855166718364, 8214808.344904063269496 ], [ 4206152.212872391566634, 8214808.344904063269496 ], [ 4206152.212872391566634, 8214810.929886838421226 ], [ 4206147.042906840331852, 8214810.929886838421226 ], [ 4206147.042906840331852, 8214813.514869613572955 ], [ 4206144.457924065180123, 8214813.514869613572955 ], [ 4206144.457924065180123, 8214816.099852389656007 ], [ 4206139.287958513945341, 8214816.099852389656007 ], [ 4206139.287958513945341, 8214818.684835164807737 ], [ 4206136.702975738793612, 8214818.684835164807737 ], [ 4206136.702975738793612, 8214821.269817939959466 ], [ 4206134.117992963641882, 8214821.269817939959466 ], [ 4206134.117992963641882, 8214823.854800716042519 ], [ 4206128.9480274124071, 8214823.854800716042519 ], [ 4206128.9480274124071, 8214826.439783491194248 ], [ 4206123.778061861172318, 8214826.439783491194248 ], [ 4206123.778061861172318, 8214829.0247662672773 ], [ 4206118.608096310868859, 8214829.0247662672773 ], [ 4206118.608096310868859, 8214831.60974904242903 ], [ 4206116.023113534785807, 8214831.60974904242903 ], [ 4206116.023113534785807, 8214834.19473181758076 ], [ 4206110.853147983551025, 8214834.19473181758076 ], [ 4206110.853147983551025, 8214836.779714593663812 ], [ 4206105.683182433247566, 8214836.779714593663812 ], [ 4206105.683182433247566, 8214839.364697368815541 ], [ 4206100.513216882012784, 8214839.364697368815541 ], [ 4206100.513216882012784, 8214841.949680143967271 ], [ 4206097.928234106861055, 8214841.949680143967271 ], [ 4206097.928234106861055, 8214844.534662920050323 ], [ 4206092.758268555626273, 8214844.534662920050323 ], [ 4206092.758268555626273, 8214847.119645695202053 ], [ 4206087.588303004391491, 8214847.119645695202053 ], [ 4206087.588303004391491, 8214849.704628470353782 ], [ 4206082.418337454088032, 8214849.704628470353782 ], [ 4206082.418337454088032, 8214852.289611246436834 ], [ 4206074.663389127701521, 8214852.289611246436834 ], [ 4206074.663389127701521, 8214854.874594021588564 ], [ 4206069.493423576466739, 8214854.874594021588564 ], [ 4206069.493423576466739, 8214857.459576796740294 ], [ 4206066.90844080131501, 8214857.459576796740294 ], [ 4206066.90844080131501, 8214860.044559572823346 ], [ 4206061.738475250080228, 8214860.044559572823346 ], [ 4206061.738475250080228, 8214862.629542347975075 ], [ 4206059.153492474928498, 8214862.629542347975075 ], [ 4206059.153492474928498, 8214865.214525123126805 ], [ 4206056.568509698845446, 8214865.214525123126805 ], [ 4206056.568509698845446, 8214867.799507899209857 ], [ 4206053.983526923693717, 8214867.799507899209857 ], [ 4206053.983526923693717, 8214870.384490674361587 ], [ 4206048.813561372458935, 8214870.384490674361587 ], [ 4206048.813561372458935, 8214872.969473449513316 ], [ 4206043.643595822155476, 8214872.969473449513316 ], [ 4206043.643595822155476, 8214875.554456225596368 ], [ 4206038.473630270920694, 8214875.554456225596368 ], [ 4206038.473630270920694, 8214878.139439000748098 ], [ 4206030.718681944534183, 8214878.139439000748098 ], [ 4206030.718681944534183, 8214880.724421775899827 ], [ 4206028.133699169382453, 8214880.724421775899827 ], [ 4206028.133699169382453, 8214883.30940455198288 ], [ 4206022.963733618147671, 8214883.30940455198288 ], [ 4206022.963733618147671, 8214885.894387327134609 ], [ 4206017.793768066912889, 8214885.894387327134609 ], [ 4206017.793768066912889, 8214888.479370102286339 ], [ 4206012.623802515678108, 8214888.479370102286339 ], [ 4206012.623802515678108, 8214891.064352878369391 ], [ 4206007.453836965374649, 8214891.064352878369391 ], [ 4206007.453836965374649, 8214893.649335653521121 ], [ 4205999.698888638988137, 8214893.649335653521121 ], [ 4205999.698888638988137, 8214896.23431842867285 ], [ 4205991.943940312601626, 8214896.23431842867285 ], [ 4205991.943940312601626, 8214898.819301204755902 ], [ 4205986.773974761366844, 8214898.819301204755902 ], [ 4205986.773974761366844, 8214901.404283979907632 ], [ 4205979.019026434980333, 8214901.404283979907632 ], [ 4205979.019026434980333, 8214903.989266755059361 ], [ 4205971.264078108593822, 8214903.989266755059361 ], [ 4205971.264078108593822, 8214906.574249531142414 ], [ 4205958.339164230972528, 8214906.574249531142414 ], [ 4205958.339164230972528, 8214909.159232306294143 ], [ 4205950.584215904586017, 8214909.159232306294143 ], [ 4205950.584215904586017, 8214911.744215081445873 ], [ 4205945.414250354282558, 8214911.744215081445873 ], [ 4205945.414250354282558, 8214914.329197857528925 ], [ 4205940.244284803047776, 8214914.329197857528925 ], [ 4205940.244284803047776, 8214916.914180632680655 ], [ 4205935.074319251812994, 8214916.914180632680655 ], [ 4205935.074319251812994, 8214919.499163408763707 ], [ 4205932.489336476661265, 8214919.499163408763707 ], [ 4205932.489336476661265, 8214922.084146183915436 ], [ 4205929.904353701509535, 8214922.084146183915436 ], [ 4205929.904353701509535, 8214924.669128959067166 ], [ 4205924.734388150274754, 8214924.669128959067166 ], [ 4205924.734388150274754, 8214927.254111735150218 ], [ 4205922.149405374191701, 8214927.254111735150218 ], [ 4205922.149405374191701, 8214929.839094510301948 ], [ 4205919.564422599039972, 8214929.839094510301948 ], [ 4205919.564422599039972, 8214932.424077285453677 ], [ 4205916.979439823888242, 8214932.424077285453677 ], [ 4205916.979439823888242, 8214935.009060061536729 ], [ 4205911.809474272653461, 8214935.009060061536729 ], [ 4205911.809474272653461, 8214937.594042836688459 ], [ 4205906.639508721418679, 8214937.594042836688459 ], [ 4205906.639508721418679, 8214940.179025611840189 ], [ 4205898.884560395032167, 8214940.179025611840189 ], [ 4205898.884560395032167, 8214942.764008387923241 ], [ 4205891.129612068645656, 8214942.764008387923241 ], [ 4205891.129612068645656, 8214945.34899116307497 ], [ 4205885.959646518342197, 8214945.34899116307497 ], [ 4205885.959646518342197, 8214947.9339739382267 ], [ 4205880.789680967107415, 8214947.9339739382267 ], [ 4205880.789680967107415, 8214950.518956714309752 ], [ 4205878.204698191955686, 8214950.518956714309752 ], [ 4205878.204698191955686, 8214953.103939489461482 ], [ 4205873.034732640720904, 8214953.103939489461482 ], [ 4205873.034732640720904, 8214955.688922264613211 ], [ 4205870.449749865569174, 8214955.688922264613211 ], [ 4205870.449749865569174, 8214958.273905040696263 ], [ 4205867.864767089486122, 8214958.273905040696263 ], [ 4205867.864767089486122, 8214960.858887815847993 ], [ 4205862.694801539182663, 8214960.858887815847993 ], [ 4205862.694801539182663, 8214963.443870590999722 ], [ 4205857.524835987947881, 8214963.443870590999722 ], [ 4205857.524835987947881, 8214966.028853367082775 ], [ 4205854.939853212796152, 8214966.028853367082775 ], [ 4205854.939853212796152, 8214968.613836142234504 ], [ 4205849.76988766156137, 8214968.613836142234504 ], [ 4205849.76988766156137, 8214971.198818917386234 ], [ 4205842.014939335174859, 8214971.198818917386234 ], [ 4205842.014939335174859, 8214973.783801693469286 ], [ 4205839.429956560023129, 8214973.783801693469286 ], [ 4205839.429956560023129, 8214976.368784468621016 ], [ 4205836.844973783940077, 8214976.368784468621016 ], [ 4205836.844973783940077, 8214978.953767243772745 ], [ 4205831.675008233636618, 8214978.953767243772745 ], [ 4205831.675008233636618, 8214981.538750019855797 ], [ 4205829.090025457553566, 8214981.538750019855797 ], [ 4205829.090025457553566, 8214984.123732795007527 ], [ 4205826.505042682401836, 8214984.123732795007527 ], [ 4205826.505042682401836, 8214986.708715570159256 ], [ 4205821.335077131167054, 8214986.708715570159256 ], [ 4205821.335077131167054, 8214989.293698346242309 ], [ 4205818.750094356015325, 8214989.293698346242309 ], [ 4205818.750094356015325, 8214991.878681121394038 ], [ 4205813.580128804780543, 8214991.878681121394038 ], [ 4205813.580128804780543, 8214994.463663896545768 ], [ 4205805.825180478394032, 8214994.463663896545768 ], [ 4205805.825180478394032, 8214997.04864667262882 ], [ 4205800.65521492715925, 8214997.04864667262882 ], [ 4205800.65521492715925, 8214999.63362944778055 ], [ 4205798.07023215200752, 8214999.63362944778055 ], [ 4205798.07023215200752, 8215002.218612222932279 ], [ 4205795.485249376855791, 8215002.218612222932279 ], [ 4205795.485249376855791, 8215004.803594999015331 ], [ 4205792.900266600772738, 8215004.803594999015331 ], [ 4205792.900266600772738, 8215007.388577774167061 ], [ 4205790.315283825621009, 8215007.388577774167061 ], [ 4205790.315283825621009, 8215009.97356054931879 ], [ 4205787.730301050469279, 8215009.97356054931879 ], [ 4205787.730301050469279, 8215012.558543325401843 ], [ 4205785.145318274386227, 8215012.558543325401843 ], [ 4205785.145318274386227, 8215015.143526100553572 ], [ 4205782.560335499234498, 8215015.143526100553572 ], [ 4205782.560335499234498, 8215017.728508876636624 ], [ 4205777.390369947999716, 8215017.728508876636624 ], [ 4205777.390369947999716, 8215020.313491651788354 ], [ 4205774.805387172847986, 8215020.313491651788354 ], [ 4205774.805387172847986, 8215025.483457203023136 ], [ 4205772.220404397696257, 8215025.483457203023136 ], [ 4205772.220404397696257, 8215028.068439978174865 ], [ 4205764.465456071309745, 8215028.068439978174865 ], [ 4205764.465456071309745, 8215030.653422753326595 ], [ 4205759.295490520074964, 8215030.653422753326595 ], [ 4205759.295490520074964, 8215033.238405529409647 ], [ 4205754.125524968840182, 8215033.238405529409647 ], [ 4205754.125524968840182, 8215035.823388304561377 ], [ 4205751.540542193688452, 8215035.823388304561377 ], [ 4205751.540542193688452, 8215038.408371079713106 ], [ 4205746.370576642453671, 8215038.408371079713106 ], [ 4205746.370576642453671, 8215040.993353855796158 ], [ 4205741.200611092150211, 8215040.993353855796158 ], [ 4205741.200611092150211, 8215043.578336630947888 ], [ 4205738.615628316067159, 8215043.578336630947888 ], [ 4205738.615628316067159, 8215046.163319406099617 ], [ 4205736.03064554091543, 8215046.163319406099617 ], [ 4205736.03064554091543, 8215048.74830218218267 ], [ 4205733.4456627657637, 8215048.74830218218267 ], [ 4205733.4456627657637, 8215051.333284957334399 ], [ 4205730.860679989680648, 8215051.333284957334399 ], [ 4205730.860679989680648, 8215059.088233283720911 ], [ 4205728.275697214528918, 8215059.088233283720911 ], [ 4205728.275697214528918, 8215077.183112711645663 ], [ 4205725.690714438445866, 8215077.183112711645663 ], [ 4205725.690714438445866, 8215082.353078262880445 ], [ 4205723.105731663294137, 8215082.353078262880445 ], [ 4205723.105731663294137, 8215084.938061038032174 ], [ 4205720.520748888142407, 8215084.938061038032174 ], [ 4205720.520748888142407, 8215087.523043814115226 ], [ 4205717.935766112059355, 8215087.523043814115226 ], [ 4205717.935766112059355, 8215090.108026589266956 ], [ 4205712.765800561755896, 8215090.108026589266956 ], [ 4205712.765800561755896, 8215092.693009364418685 ], [ 4205710.180817785672843, 8215092.693009364418685 ], [ 4205710.180817785672843, 8215095.277992140501738 ], [ 4205702.425869459286332, 8215095.277992140501738 ], [ 4205702.425869459286332, 8215097.862974915653467 ], [ 4205699.840886684134603, 8215097.862974915653467 ], [ 4205699.840886684134603, 8215100.447957690805197 ], [ 4205694.670921132899821, 8215100.447957690805197 ], [ 4205694.670921132899821, 8215103.032940466888249 ], [ 4205692.085938357748091, 8215103.032940466888249 ], [ 4205692.085938357748091, 8215105.617923242039979 ], [ 4205686.915972806513309, 8215105.617923242039979 ], [ 4205686.915972806513309, 8215108.202906017191708 ], [ 4205684.33099003136158, 8215108.202906017191708 ], [ 4205684.33099003136158, 8215110.78788879327476 ], [ 4205681.74600725620985, 8215110.78788879327476 ], [ 4205681.74600725620985, 8215113.37287156842649 ], [ 4205679.161024480126798, 8215113.37287156842649 ], [ 4205679.161024480126798, 8215115.957854344509542 ], [ 4205676.576041704975069, 8215115.957854344509542 ], [ 4205676.576041704975069, 8215118.542837119661272 ], [ 4205671.406076153740287, 8215118.542837119661272 ], [ 4205671.406076153740287, 8215121.127819894813001 ], [ 4205668.821093378588557, 8215121.127819894813001 ], [ 4205668.821093378588557, 8215123.712802670896053 ], [ 4205666.236110603436828, 8215123.712802670896053 ], [ 4205666.236110603436828, 8215126.297785446047783 ], [ 4205658.481162277050316, 8215126.297785446047783 ], [ 4205658.481162277050316, 8215128.882768221199512 ], [ 4205650.726213950663805, 8215128.882768221199512 ], [ 4205650.726213950663805, 8215131.467750997282565 ], [ 4205648.141231174580753, 8215131.467750997282565 ], [ 4205648.141231174580753, 8215134.052733772434294 ], [ 4205640.386282848194242, 8215134.052733772434294 ], [ 4205640.386282848194242, 8215136.637716547586024 ], [ 4205635.21631729695946, 8215136.637716547586024 ], [ 4205635.21631729695946, 8215139.222699323669076 ], [ 4205630.046351746656001, 8215139.222699323669076 ], [ 4205630.046351746656001, 8215141.807682098820806 ], [ 4205627.461368970572948, 8215141.807682098820806 ], [ 4205627.461368970572948, 8215144.392664873972535 ], [ 4205622.291403420269489, 8215144.392664873972535 ], [ 4205622.291403420269489, 8215146.977647650055587 ], [ 4205617.121437869034708, 8215146.977647650055587 ], [ 4205617.121437869034708, 8215149.562630425207317 ], [ 4205611.951472317799926, 8215149.562630425207317 ], [ 4205611.951472317799926, 8215152.147613200359046 ], [ 4205606.781506767496467, 8215152.147613200359046 ], [ 4205606.781506767496467, 8215154.732595976442099 ], [ 4205601.611541216261685, 8215154.732595976442099 ], [ 4205601.611541216261685, 8215157.317578751593828 ], [ 4205596.441575665026903, 8215157.317578751593828 ], [ 4205596.441575665026903, 8215159.902561526745558 ], [ 4205591.271610114723444, 8215159.902561526745558 ], [ 4205591.271610114723444, 8215162.48754430282861 ], [ 4205588.686627338640392, 8215162.48754430282861 ], [ 4205588.686627338640392, 8215165.07252707798034 ], [ 4205570.59174791071564, 8215165.07252707798034 ] ] ] } },
{ "type": "Feature", "properties": { "class": 1 }, "geometry": { "type": "Polygon", "coordinates": [ [ [ 4205219.034090446308255, 8214306.858245621435344 ], [ 4205219.034090446308255, 8214304.273262846283615 ], [ 4205211.279142119921744, 8214304.273262846283615 ], [ 4205211.279142119921744, 8214301.688280071131885 ], [ 4205200.939211018383503, 8214301.688280071131885 ], [ 4205200.939211018383503, 8214299.103297295048833 ], [ 4205177.674366039223969, 8214299.103297295048833 ], [ 4205177.674366039223969, 8214301.688280071131885 ], [ 4205164.749452161602676, 8214301.688280071131885 ], [ 4205164.749452161602676, 8214299.103297295048833 ], [ 4205156.994503835216165, 8214299.103297295048833 ], [ 4205156.994503835216165, 8214296.518314519897103 ], [ 4205151.824538283981383, 8214296.518314519897103 ], [ 4205151.824538283981383, 8214293.933331744745374 ], [ 4205144.069589957594872, 8214293.933331744745374 ], [ 4205144.069589957594872, 8214291.348348968662322 ], [ 4205131.144676080904901, 8214291.348348968662322 ], [ 4205131.144676080904901, 8214288.763366193510592 ], [ 4205123.38972775451839, 8214288.763366193510592 ], [ 4205123.38972775451839, 8214286.178383418358862 ], [ 4205120.804744978435338, 8214286.178383418358862 ], [ 4205120.804744978435338, 8214283.59340064227581 ], [ 4205118.219762203283608, 8214283.59340064227581 ], [ 4205118.219762203283608, 8214281.008417867124081 ], [ 4205115.634779428131878, 8214281.008417867124081 ], [ 4205115.634779428131878, 8214278.423435091972351 ], [ 4205113.049796652048826, 8214278.423435091972351 ], [ 4205113.049796652048826, 8214275.838452315889299 ], [ 4205110.464813876897097, 8214275.838452315889299 ], [ 4205110.464813876897097, 8214273.253469540737569 ], [ 4205107.879831101745367, 8214273.253469540737569 ], [ 4205107.879831101745367, 8214268.083503989502788 ], [ 4205105.294848325662315, 8214268.083503989502788 ], [ 4205105.294848325662315, 8214262.913538439199328 ], [ 4205102.709865550510585, 8214262.913538439199328 ], [ 4205102.709865550510585, 8214239.648693459108472 ], [ 4205105.294848325662315, 8214239.648693459108472 ], [ 4205105.294848325662315, 8214234.478727908805013 ], [ 4205107.879831101745367, 8214234.478727908805013 ], [ 4205107.879831101745367, 8214229.308762357570231 ], [ 4205110.464813876897097, 8214229.308762357570231 ], [ 4205110.464813876897097, 8214226.723779582418501 ], [ 4205113.049796652048826, 8214226.723779582418501 ], [ 4205113.049796652048826, 8214224.138796806335449 ], [ 4205115.634779428131878, 8214224.138796806335449 ], [ 4205115.634779428131878, 8214218.96883125603199 ], [ 4205118.219762203283608, 8214218.96883125603199 ], [ 4205118.219762203283608, 8214213.798865704797208 ], [ 4205120.804744978435338, 8214213.798865704797208 ], [ 4205120.804744978435338, 8214206.043917378410697 ], [ 4205123.38972775451839, 8214206.043917378410697 ], [ 4205123.38972775451839, 8214198.288969052024186 ], [ 4205125.974710529670119, 8214198.288969052024186 ], [ 4205125.974710529670119, 8214190.534020725637674 ], [ 4205128.559693304821849, 8214190.534020725637674 ], [ 4205128.559693304821849, 8214182.779072399251163 ], [ 4205131.144676080904901, 8214182.779072399251163 ], [ 4205131.144676080904901, 8214180.194089624099433 ], [ 4205133.729658856056631, 8214180.194089624099433 ], [ 4205133.729658856056631, 8214177.609106848016381 ], [ 4205136.31464163120836, 8214177.609106848016381 ], [ 4205136.31464163120836, 8214175.024124072864652 ], [ 4205138.899624407291412, 8214175.024124072864652 ], [ 4205138.899624407291412, 8214169.85415852162987 ], [ 4205141.484607182443142, 8214169.85415852162987 ], [ 4205141.484607182443142, 8214167.26917574647814 ], [ 4205144.069589957594872, 8214167.26917574647814 ], [ 4205144.069589957594872, 8214164.684192971326411 ], [ 4205146.654572733677924, 8214164.684192971326411 ], [ 4205146.654572733677924, 8214162.099210195243359 ], [ 4205149.239555508829653, 8214162.099210195243359 ], [ 4205149.239555508829653, 8214159.514227420091629 ], [ 4205151.824538283981383, 8214159.514227420091629 ], [ 4205151.824538283981383, 8214156.929244644939899 ], [ 4205164.749452161602676, 8214156.929244644939899 ], [ 4205164.749452161602676, 8214159.514227420091629 ], [ 4205167.334434937685728, 8214159.514227420091629 ], [ 4205167.334434937685728, 8214162.099210195243359 ], [ 4205172.504400487989187, 8214162.099210195243359 ], [ 4205172.504400487989187, 8214164.684192971326411 ], [ 4205175.089383264072239, 8214164.684192971326411 ], [ 4205175.089383264072239, 8214167.26917574647814 ], [ 4205177.674366039223969, 8214167.26917574647814 ], [ 4205177.674366039223969, 8214172.439141297712922 ], [ 4205180.259348814375699, 8214172.439141297712922 ], [ 4205180.259348814375699, 8214175.024124072864652 ], [ 4205182.844331590458751, 8214175.024124072864652 ], [ 4205182.844331590458751, 8214177.609106848016381 ], [ 4205185.42931436561048, 8214177.609106848016381 ], [ 4205185.42931436561048, 8214180.194089624099433 ], [ 4205188.01429714076221, 8214180.194089624099433 ], [ 4205188.01429714076221, 8214182.779072399251163 ], [ 4205190.599279916845262, 8214182.779072399251163 ], [ 4205190.599279916845262, 8214185.364055174402893 ], [ 4205193.184262691996992, 8214185.364055174402893 ], [ 4205193.184262691996992, 8214190.534020725637674 ], [ 4205195.769245467148721, 8214190.534020725637674 ], [ 4205195.769245467148721, 8214193.119003500789404 ], [ 4205198.354228243231773, 8214193.119003500789404 ], [ 4205198.354228243231773, 8214195.703986276872456 ], [ 4205200.939211018383503, 8214195.703986276872456 ], [ 4205200.939211018383503, 8214198.288969052024186 ], [ 4205203.524193793535233, 8214198.288969052024186 ], [ 4205203.524193793535233, 8214203.458934603258967 ], [ 4205206.109176569618285, 8214203.458934603258967 ], [ 4205206.109176569618285, 8214206.043917378410697 ], [ 4205208.694159344770014, 8214206.043917378410697 ], [ 4205208.694159344770014, 8214208.628900153562427 ], [ 4205211.279142119921744, 8214208.628900153562427 ], [ 4205211.279142119921744, 8214211.213882929645479 ], [ 4205213.864124896004796, 8214211.213882929645479 ], [ 4205213.864124896004796, 8214216.383848479948938 ], [ 4205216.449107671156526, 8214216.383848479948938 ], [ 4205216.449107671156526, 8214218.96883125603199 ], [ 4205219.034090446308255, 8214218.96883125603199 ], [ 4205219.034090446308255, 8214221.55381403118372 ], [ 4205221.619073222391307, 8214221.55381403118372 ], [ 4205221.619073222391307, 8214224.138796806335449 ], [ 4205224.204055997543037, 8214224.138796806335449 ], [ 4205224.204055997543037, 8214226.723779582418501 ], [ 4205226.789038772694767, 8214226.723779582418501 ], [ 4205226.789038772694767, 8214229.308762357570231 ], [ 4205229.374021548777819, 8214229.308762357570231 ], [ 4205229.374021548777819, 8214231.893745132721961 ], [ 4205231.959004323929548, 8214231.893745132721961 ], [ 4205231.959004323929548, 8214234.478727908805013 ], [ 4205234.543987099081278, 8214234.478727908805013 ], [ 4205234.543987099081278, 8214239.648693459108472 ], [ 4205237.12896987516433, 8214239.648693459108472 ], [ 4205237.12896987516433, 8214247.403641786426306 ], [ 4205239.71395265031606, 8214247.403641786426306 ], [ 4205239.71395265031606, 8214252.573607336729765 ], [ 4205242.298935425467789, 8214252.573607336729765 ], [ 4205242.298935425467789, 8214268.083503989502788 ], [ 4205244.883918201550841, 8214268.083503989502788 ], [ 4205244.883918201550841, 8214283.59340064227581 ], [ 4205242.298935425467789, 8214283.59340064227581 ], [ 4205242.298935425467789, 8214299.103297295048833 ], [ 4205239.71395265031606, 8214299.103297295048833 ], [ 4205239.71395265031606, 8214301.688280071131885 ], [ 4205237.12896987516433, 8214301.688280071131885 ], [ 4205237.12896987516433, 8214304.273262846283615 ], [ 4205234.543987099081278, 8214304.273262846283615 ], [ 4205234.543987099081278, 8214306.858245621435344 ], [ 4205219.034090446308255, 8214306.858245621435344 ] ] ] } },
{ "type": "Feature", "properties": { "class": 1 }, "geometry": { "type": "Polygon", "coordinates": [ [ [ 4205712.765800561755896, 8214071.624813053756952 ], [ 4205712.765800561755896, 8214069.039830278605223 ], [ 4205710.180817785672843, 8214069.039830278605223 ], [ 4205710.180817785672843, 8214063.869864727370441 ], [ 4205723.105731663294137, 8214063.869864727370441 ], [ 4205723.105731663294137, 8214071.624813053756952 ], [ 4205712.765800561755896, 8214071.624813053756952 ] ] ] } }
]
}
